CREATE DATABASE  IF NOT EXISTS `hl_skyline` /*!40100 DEFAULT CHARACTER SET utf8mb4 COLLATE utf8mb4_0900_ai_ci */ /*!80016 DEFAULT ENCRYPTION='N' */;
USE `hl_skyline`;
-- MySQL dump 10.13  Distrib 8.0.32, for Win64 (x86_64)
--
-- Host: localhost    Database: hl_skyline
-- ------------------------------------------------------
-- Server version	8.0.32

/*!40101 SET @OLD_CHARACTER_SET_CLIENT=@@CHARACTER_SET_CLIENT */;
/*!40101 SET @OLD_CHARACTER_SET_RESULTS=@@CHARACTER_SET_RESULTS */;
/*!40101 SET @OLD_COLLATION_CONNECTION=@@COLLATION_CONNECTION */;
/*!50503 SET NAMES utf8 */;
/*!40103 SET @OLD_TIME_ZONE=@@TIME_ZONE */;
/*!40103 SET TIME_ZONE='+00:00' */;
/*!40014 SET @OLD_UNIQUE_CHECKS=@@UNIQUE_CHECKS, UNIQUE_CHECKS=0 */;
/*!40014 SET @OLD_FOREIGN_KEY_CHECKS=@@FOREIGN_KEY_CHECKS, FOREIGN_KEY_CHECKS=0 */;
/*!40101 SET @OLD_SQL_MODE=@@SQL_MODE, SQL_MODE='NO_AUTO_VALUE_ON_ZERO' */;
/*!40111 SET @OLD_SQL_NOTES=@@SQL_NOTES, SQL_NOTES=0 */;

--
-- Table structure for table `ameneties`
--

DROP TABLE IF EXISTS `ameneties`;
/*!40101 SET @saved_cs_client     = @@character_set_client */;
/*!50503 SET character_set_client = utf8mb4 */;
CREATE TABLE `ameneties` (
  `ameneties_id` int NOT NULL AUTO_INCREMENT,
  `ameneties_label` varchar(255) DEFAULT NULL,
  `ameneties_title` varchar(255) DEFAULT NULL,
  `ameneties_details_image` varchar(512) DEFAULT NULL,
  `ameneties_details_image_alt` varchar(100) DEFAULT NULL,
  `ameneties_details_description` text,
  `ameneties_image_1` varchar(512) DEFAULT NULL,
  `ameneties_image_1_alt` varchar(100) DEFAULT NULL,
  `ameneties_image_1_title` varchar(255) DEFAULT NULL,
  `ameneties_image_1_description` text,
  `ameneties_image_2` varchar(512) DEFAULT NULL,
  `ameneties_image_2_alt` varchar(100) DEFAULT NULL,
  `ameneties_image_2_title` varchar(255) DEFAULT NULL,
  `ameneties_image_2_description` text,
  `ameneties_image_horizontal` varchar(512) DEFAULT NULL,
  `ameneties_image_horizontal_alt` varchar(255) DEFAULT NULL,
  `ameneties_image_horizontal_title` varchar(255) DEFAULT NULL,
  `ameneties_image_vertical` varchar(512) DEFAULT NULL,
  `ameneties_image_vertical_alt` varchar(100) DEFAULT NULL,
  `ameneties_image_vertical_title` varchar(255) DEFAULT NULL,
  `ameneties_short_description` text,
  `project_id` int DEFAULT NULL,
  `createdAt` datetime DEFAULT NULL,
  `updatedAt` datetime DEFAULT NULL,
  PRIMARY KEY (`ameneties_id`)
) ENGINE=InnoDB AUTO_INCREMENT=30 DEFAULT CHARSET=utf8mb4 COLLATE=utf8mb4_0900_ai_ci;
/*!40101 SET character_set_client = @saved_cs_client */;

--
-- Dumping data for table `ameneties`
--

LOCK TABLES `ameneties` WRITE;
/*!40000 ALTER TABLE `ameneties` DISABLE KEYS */;
INSERT INTO `ameneties` VALUES (1,'ameneties_labelccc','ameneties_titleccc','https://i1.wp.com/www.differencebetween.com/wp-content/uploads/2016/11/Difference-Between-Facilities-and-Amenities-2.jpg?w=640&ssl=1','ameneties_image alt','amenetcccccies_details description','https://i1.wp.com/www.differencebetween.com/wp-content/uploads/2016/11/Difference-Between-Facilities-and-Amenities-2.jpg?w=640&ssl=1','ameneties_lacccbel','amenetcccies_label','ameneties_label','https://i1.wp.com/www.differencebetween.com/wp-content/uploads/2016/11/Difference-Between-Facilities-and-Amenities-2.jpg?w=640&ssl=1','ameneties_label','ameneties_label','ameneties_label','amenetiesccc_label','ameneties_label','ameneties_ccclabel','ameneties_labecccl','dsds','dsds','dsds',1,NULL,NULL),(2,'ameneties_ldddddddddddddddabelccc','dddd','https://www.google.com/images/branding/googlelogo/1x/googlelogo_color_272x92dp.png','ameneties_image altfdfd','amenetcccccies_details description','https://i1.wp.com/www.differencebetween.com/wp-content/uploads/2016/11/Difference-Between-Facilities-and-Amenities-2.jpg?w=640&ssl=1','ameneties_lacccbel sdsds','fd','ddsdsdsds sdsd','https://i1.wp.com/www.differencebetween.com/wp-content/uploads/2016/11/Difference-Between-Facilities-and-Amenities-2.jpg?w=640&ssl=1','ameneties_labe sdsdsl','ameneties_label dsd','ameneties_labelds','amenetiesccc_label','ameneties_label','ameneties_ccclabel','ameneties_labecccldsds','dsdsdsdsd','dsddsdsdsds','dsdsdsds',NULL,NULL,NULL),(3,'ameneties_ldddddddddddddddabelccc','dddd','https://www.google.com/images/branding/googlelogo/1x/googlelogo_color_272x92dp.png','ameneties_image altfdfd','amenetcccccies_details description','https://i1.wp.com/www.differencebetween.com/wp-content/uploads/2016/11/Difference-Between-Facilities-and-Amenities-2.jpg?w=640&ssl=1','ameneties_lacccbel sdsds','fd','ddsdsdsds sdsd','https://i1.wp.com/www.differencebetween.com/wp-content/uploads/2016/11/Difference-Between-Facilities-and-Amenities-2.jpg?w=640&ssl=1','ameneties_labe sdsdsl','ameneties_label dsd','ameneties_labelds','amenetiesccc_label','ameneties_label','ameneties_ccclabel','ameneties_labecccldsds','dsdsdsdsd','dsddsdsdsds','dsdsdsds',NULL,NULL,NULL),(4,'ameneties_labccccel','ccccc','https://i1.wp.com/www.differencebetween.com/wp-content/uploads/2016/11/Difference-Between-Facilities-and-Amenities-2.jpg?w=640&ssl=1','ameneties_image alt','ccc description','https://i1.wp.com/www.differencebetween.com/wp-content/uploads/2016/11/Difference-Between-Facilities-and-Amenities-2.jpg?w=640&ssl=1','dsdsd','amenecties_label','ameneties_label','https://i1.wp.com/www.differencebetween.com/wp-content/uploads/2016/11/Difference-Between-Facilities-and-Amenities-2.jpg?w=640&ssl=1','ameneties_label','ameneties_label','ameneties_label','c','ameneties_label','cx','cx','cx','amenecxcties_label','ameneties_label',NULL,NULL,NULL),(5,'ameneties_labccccel','ccccc','https://i1.wp.com/www.differencebetween.com/wp-content/uploads/2016/11/Difference-Between-Facilities-and-Amenities-2.jpg?w=640&ssl=1','ameneties_image alt','ccc description','https://i1.wp.com/www.differencebetween.com/wp-content/uploads/2016/11/Difference-Between-Facilities-and-Amenities-2.jpg?w=640&ssl=1','dsdsd','amenecties_label','ameneties_label','https://i1.wp.com/www.differencebetween.com/wp-content/uploads/2016/11/Difference-Between-Facilities-and-Amenities-2.jpg?w=640&ssl=1','ameneties_label','ameneties_label','ameneties_label','c','ameneties_label','cx','cx','cx','amenecxcties_label','ameneties_label',NULL,NULL,NULL),(6,NULL,NULL,NULL,NULL,NULL,NULL,NULL,NULL,NULL,NULL,NULL,NULL,NULL,NULL,NULL,NULL,NULL,NULL,NULL,NULL,3,'2023-01-24 17:45:31','2023-01-24 17:45:31'),(7,NULL,NULL,NULL,NULL,NULL,NULL,NULL,NULL,NULL,NULL,NULL,NULL,NULL,NULL,NULL,NULL,NULL,NULL,NULL,NULL,4,'2023-01-24 17:46:42','2023-01-24 17:46:42'),(8,NULL,NULL,NULL,NULL,NULL,NULL,NULL,NULL,NULL,NULL,NULL,NULL,NULL,NULL,NULL,NULL,NULL,NULL,NULL,NULL,5,'2023-01-24 17:47:57','2023-01-24 17:47:57'),(9,NULL,NULL,NULL,NULL,NULL,NULL,NULL,NULL,NULL,NULL,NULL,NULL,NULL,NULL,NULL,NULL,NULL,NULL,NULL,NULL,6,'2023-01-24 17:48:34','2023-01-24 17:48:34'),(10,NULL,NULL,NULL,NULL,NULL,NULL,NULL,NULL,NULL,NULL,NULL,NULL,NULL,NULL,NULL,NULL,NULL,NULL,NULL,NULL,7,'2023-01-24 17:51:38','2023-01-24 17:51:38'),(11,NULL,NULL,NULL,NULL,NULL,NULL,NULL,NULL,NULL,NULL,NULL,NULL,NULL,NULL,NULL,NULL,NULL,NULL,NULL,NULL,8,'2023-01-24 17:52:50','2023-01-24 17:52:50'),(12,NULL,NULL,NULL,NULL,NULL,NULL,NULL,NULL,NULL,NULL,NULL,NULL,NULL,NULL,NULL,NULL,NULL,NULL,NULL,NULL,9,'2023-01-24 17:53:41','2023-01-24 17:53:41'),(13,'ameneties_labelccc','ameneties_titleccc','https://i1.wp.com/www.differencebetween.com/wp-content/uploads/2016/11/Difference-Between-Facilities-and-Amenities-2.jpg?w=640&ssl=1','ameneties_image alt','amenetcccccies_details description','https://i1.wp.com/www.differencebetween.com/wp-content/uploads/2016/11/Difference-Between-Facilities-and-Amenities-2.jpg?w=640&ssl=1','ameneties_lacccbel','amenetcccies_label','ameneties_label','https://i1.wp.com/www.differencebetween.com/wp-content/uploads/2016/11/Difference-Between-Facilities-and-Amenities-2.jpg?w=640&ssl=1','ameneties_label','ameneties_label','ameneties_label','amenetiesccc_label','ameneties_label','ameneties_ccclabel','ameneties_labecccl','dsds','dsds333333',NULL,10,'2023-01-24 17:54:44','2023-01-26 19:38:09'),(14,'ameneties_labelccc','ameneties_titleccc','https://i1.wp.com/www.differencebetween.com/wp-content/uploads/2016/11/Difference-Between-Facilities-and-Amenities-2.jpg?w=640&ssl=1','ameneties_image alt','amenetcccccies_details description','https://i1.wp.com/www.differencebetween.com/wp-content/uploads/2016/11/Difference-Between-Facilities-and-Amenities-2.jpg?w=640&ssl=1','ameneties_lacccbel','amenetcccies_label','ameneties_label','https://i1.wp.com/www.differencebetween.com/wp-content/uploads/2016/11/Difference-Between-Facilities-and-Amenities-2.jpg?w=640&ssl=1','ameneties_label','ameneties_label','ameneties_label','amenetiesccc_label','ameneties_label','ameneties_ccclabel','ameneties_labecccl','dsds','dsds',NULL,11,'2023-01-24 17:56:17','2023-01-24 17:56:17'),(15,'ameneties_labelccc','ameneties_titleccc','https://i1.wp.com/www.differencebetween.com/wp-content/uploads/2016/11/Difference-Between-Facilities-and-Amenities-2.jpg?w=640&ssl=1','ameneties_image alt','amenetcccccies_details description','https://i1.wp.com/www.differencebetween.com/wp-content/uploads/2016/11/Difference-Between-Facilities-and-Amenities-2.jpg?w=640&ssl=1','ameneties_lacccbel','amenetcccies_label','ameneties_label','https://i1.wp.com/www.differencebetween.com/wp-content/uploads/2016/11/Difference-Between-Facilities-and-Amenities-2.jpg?w=640&ssl=1','ameneties_label','ameneties_label','ameneties_label','amenetiesccc_label','ameneties_label','ameneties_ccclabel','ameneties_labecccl','dsds','dsds',NULL,12,'2023-01-24 17:57:20','2023-01-24 17:57:20'),(16,'ameneties_labelccc','ameneties_titleccc','https://i1.wp.com/www.differencebetween.com/wp-content/uploads/2016/11/Difference-Between-Facilities-and-Amenities-2.jpg?w=640&ssl=1','ameneties_image alt','amenetcccccies_details description','https://i1.wp.com/www.differencebetween.com/wp-content/uploads/2016/11/Difference-Between-Facilities-and-Amenities-2.jpg?w=640&ssl=1','ameneties_lacccbel','amenetcccies_label','ameneties_label','https://i1.wp.com/www.differencebetween.com/wp-content/uploads/2016/11/Difference-Between-Facilities-and-Amenities-2.jpg?w=640&ssl=1','ameneties_label','ameneties_label','ameneties_label','amenetiesccc_label','ameneties_label','ameneties_ccclabel','ameneties_labecccl','dsds','dsds',NULL,13,'2023-01-24 17:58:34','2023-01-24 17:58:34'),(17,'ameneties_labelccc','ameneties_titleccc','https://i1.wp.com/www.differencebetween.com/wp-content/uploads/2016/11/Difference-Between-Facilities-and-Amenities-2.jpg?w=640&ssl=1','ameneties_image alt','amenetcccccies_details description','https://i1.wp.com/www.differencebetween.com/wp-content/uploads/2016/11/Difference-Between-Facilities-and-Amenities-2.jpg?w=640&ssl=1','ameneties_lacccbel','amenetcccies_label','ameneties_label','https://i1.wp.com/www.differencebetween.com/wp-content/uploads/2016/11/Difference-Between-Facilities-and-Amenities-2.jpg?w=640&ssl=1','ameneties_label','ameneties_label','ameneties_label','amenetiesccc_label','ameneties_label','ameneties_ccclabel','ameneties_labecccl','dsds','dsds',NULL,15,'2023-01-24 18:01:58','2023-01-24 18:01:58'),(18,'ameneties_labelccc','ameneties_titleccc','https://i1.wp.com/www.differencebetween.com/wp-content/uploads/2016/11/Difference-Between-Facilities-and-Amenities-2.jpg?w=640&ssl=1','ameneties_image alt','amenetcccccies_details description','https://i1.wp.com/www.differencebetween.com/wp-content/uploads/2016/11/Difference-Between-Facilities-and-Amenities-2.jpg?w=640&ssl=1','ameneties_lacccbel','amenetcccies_label','ameneties_label','https://i1.wp.com/www.differencebetween.com/wp-content/uploads/2016/11/Difference-Between-Facilities-and-Amenities-2.jpg?w=640&ssl=1','ameneties_label','ameneties_label','ameneties_label','amenetiesccc_label','ameneties_label','ameneties_ccclabel','ameneties_labecccl','dsds','dsds',NULL,16,'2023-01-24 18:02:32','2023-01-24 18:02:32'),(19,'ameneties_labelccc','ameneties_titleccc','https://i1.wp.com/www.differencebetween.com/wp-content/uploads/2016/11/Difference-Between-Facilities-and-Amenities-2.jpg?w=640&ssl=1','ameneties_image alt','amenetcccccies_details description','https://i1.wp.com/www.differencebetween.com/wp-content/uploads/2016/11/Difference-Between-Facilities-and-Amenities-2.jpg?w=640&ssl=1','ameneties_lacccbel','amenetcccies_label','ameneties_label','https://i1.wp.com/www.differencebetween.com/wp-content/uploads/2016/11/Difference-Between-Facilities-and-Amenities-2.jpg?w=640&ssl=1','ameneties_label','ameneties_label','ameneties_label','amenetiesccc_label','ameneties_label','ameneties_ccclabel','ameneties_labecccl','dsds','dsds',NULL,17,'2023-01-24 18:03:27','2023-01-24 18:03:27'),(20,'ameneties_labelccc','ameneties_titleccc','https://i1.wp.com/www.differencebetween.com/wp-content/uploads/2016/11/Difference-Between-Facilities-and-Amenities-2.jpg?w=640&ssl=1','ameneties_image alt','amenetcccccies_details description','https://i1.wp.com/www.differencebetween.com/wp-content/uploads/2016/11/Difference-Between-Facilities-and-Amenities-2.jpg?w=640&ssl=1','ameneties_lacccbel','amenetcccies_label','ameneties_label','https://i1.wp.com/www.differencebetween.com/wp-content/uploads/2016/11/Difference-Between-Facilities-and-Amenities-2.jpg?w=640&ssl=1','ameneties_label','ameneties_label','ameneties_label','amenetiesccc_label','ameneties_label','ameneties_ccclabel','ameneties_labecccl','dsds','dsds',NULL,18,'2023-01-24 18:04:47','2023-01-24 18:04:47'),(21,'ameneties_labelccc','ameneties_titleccc','https://i1.wp.com/www.differencebetween.com/wp-content/uploads/2016/11/Difference-Between-Facilities-and-Amenities-2.jpg?w=640&ssl=1','ameneties_image alt','amenetcccccies_details description','https://i1.wp.com/www.differencebetween.com/wp-content/uploads/2016/11/Difference-Between-Facilities-and-Amenities-2.jpg?w=640&ssl=1','ameneties_lacccbel','amenetcccies_label','ameneties_label','https://i1.wp.com/www.differencebetween.com/wp-content/uploads/2016/11/Difference-Between-Facilities-and-Amenities-2.jpg?w=640&ssl=1','ameneties_label','ameneties_label','ameneties_label','amenetiesccc_label','ameneties_label','ameneties_ccclabel','ameneties_labecccl','dsds','dsds',NULL,19,'2023-01-24 18:08:25','2023-01-24 18:08:25'),(22,'ameneties_labelccc','ameneties_titleccc','https://i1.wp.com/www.differencebetween.com/wp-content/uploads/2016/11/Difference-Between-Facilities-and-Amenities-2.jpg?w=640&ssl=1','ameneties_image alt','amenetcccccies_details description','https://i1.wp.com/www.differencebetween.com/wp-content/uploads/2016/11/Difference-Between-Facilities-and-Amenities-2.jpg?w=640&ssl=1','ameneties_lacccbel','amenetcccies_label','ameneties_label','https://i1.wp.com/www.differencebetween.com/wp-content/uploads/2016/11/Difference-Between-Facilities-and-Amenities-2.jpg?w=640&ssl=1','ameneties_label','ameneties_label','ameneties_label','amenetiesccc_label','ameneties_label','ameneties_ccclabel','ameneties_labecccl','dsds','dsds',NULL,20,'2023-01-24 18:09:12','2023-01-24 18:09:12'),(23,'ameneties_labelccc','ameneties_titleccc','https://i1.wp.com/www.differencebetween.com/wp-content/uploads/2016/11/Difference-Between-Facilities-and-Amenities-2.jpg?w=640&ssl=1','ameneties_image alt','amenetcccccies_details description','https://i1.wp.com/www.differencebetween.com/wp-content/uploads/2016/11/Difference-Between-Facilities-and-Amenities-2.jpg?w=640&ssl=1','ameneties_lacccbel','amenetcccies_label','ameneties_label','https://i1.wp.com/www.differencebetween.com/wp-content/uploads/2016/11/Difference-Between-Facilities-and-Amenities-2.jpg?w=640&ssl=1','ameneties_label','ameneties_label','ameneties_label','amenetiesccc_label','ameneties_label','ameneties_ccclabel','ameneties_labecccl','dsds','dsds',NULL,21,'2023-01-24 18:10:35','2023-01-24 18:10:35'),(24,'ameneties_labelccc','ameneties_titleccc','https://i1.wp.com/www.differencebetween.com/wp-content/uploads/2016/11/Difference-Between-Facilities-and-Amenities-2.jpg?w=640&ssl=1','ameneties_image alt','amenetcccccies_details description','https://i1.wp.com/www.differencebetween.com/wp-content/uploads/2016/11/Difference-Between-Facilities-and-Amenities-2.jpg?w=640&ssl=1','ameneties_lacccbel','amenetcccies_label','ameneties_label','https://i1.wp.com/www.differencebetween.com/wp-content/uploads/2016/11/Difference-Between-Facilities-and-Amenities-2.jpg?w=640&ssl=1','ameneties_label','ameneties_label','ameneties_label','amenetiesccc_label','ameneties_label','ameneties_ccclabel','ameneties_labecccl','dsds','dsds',NULL,22,'2023-01-24 18:11:14','2023-01-24 18:11:14'),(25,'ameneties_labelccc','ameneties_titleccc','https://i1.wp.com/www.differencebetween.com/wp-content/uploads/2016/11/Difference-Between-Facilities-and-Amenities-2.jpg?w=640&ssl=1','ameneties_image alt','amenetcccccies_details description','https://i1.wp.com/www.differencebetween.com/wp-content/uploads/2016/11/Difference-Between-Facilities-and-Amenities-2.jpg?w=640&ssl=1','ameneties_lacccbel','amenetcccies_label','ameneties_label','https://i1.wp.com/www.differencebetween.com/wp-content/uploads/2016/11/Difference-Between-Facilities-and-Amenities-2.jpg?w=640&ssl=1','ameneties_label','ameneties_label','ameneties_label','amenetiesccc_label','ameneties_label','ameneties_ccclabel','ameneties_labecccl','dsds','dsds',NULL,23,'2023-01-24 18:15:24','2023-01-24 18:15:24'),(26,'ameneties_labelccc','ameneties_titleccc','https://i1.wp.com/www.differencebetween.com/wp-content/uploads/2016/11/Difference-Between-Facilities-and-Amenities-2.jpg?w=640&ssl=1','ameneties_image alt','amenetcccccies_details description','https://i1.wp.com/www.differencebetween.com/wp-content/uploads/2016/11/Difference-Between-Facilities-and-Amenities-2.jpg?w=640&ssl=1','ameneties_lacccbel','amenetcccies_label','ameneties_label','https://i1.wp.com/www.differencebetween.com/wp-content/uploads/2016/11/Difference-Between-Facilities-and-Amenities-2.jpg?w=640&ssl=1','ameneties_label','ameneties_label','ameneties_label','amenetiesccc_label','ameneties_label','ameneties_ccclabel','ameneties_labecccl','dsds','dsds',NULL,24,'2023-01-24 18:16:29','2023-01-24 18:16:29'),(27,'ameneties_labelccc','ameneties_titleccc','https://i1.wp.com/www.differencebetween.com/wp-content/uploads/2016/11/Difference-Between-Facilities-and-Amenities-2.jpg?w=640&ssl=1','ameneties_image alt','amenetcccccies_details description','https://i1.wp.com/www.differencebetween.com/wp-content/uploads/2016/11/Difference-Between-Facilities-and-Amenities-2.jpg?w=640&ssl=1','ameneties_lacccbel','amenetcccies_label','ameneties_label','https://i1.wp.com/www.differencebetween.com/wp-content/uploads/2016/11/Difference-Between-Facilities-and-Amenities-2.jpg?w=640&ssl=1','ameneties_label','ameneties_label','ameneties_label','amenetiesccc_label','ameneties_label','ameneties_ccclabel','ameneties_labecccl','dsds','dsds',NULL,25,'2023-01-25 15:43:04','2023-01-25 15:43:04'),(28,'ameneties_labelccc','ameneties_titleccc','https://i1.wp.com/www.differencebetween.com/wp-content/uploads/2016/11/Difference-Between-Facilities-and-Amenities-2.jpg?w=640&ssl=1','ameneties_image alt','amenetcccccies_details description','https://i1.wp.com/www.differencebetween.com/wp-content/uploads/2016/11/Difference-Between-Facilities-and-Amenities-2.jpg?w=640&ssl=1','ameneties_lacccbel','amenetcccies_label','ameneties_label','https://i1.wp.com/www.differencebetween.com/wp-content/uploads/2016/11/Difference-Between-Facilities-and-Amenities-2.jpg?w=640&ssl=1','ameneties_label','ameneties_label','ameneties_label','amenetiesccc_label','ameneties_label','ameneties_ccclabel','ameneties_labecccl','dsds','dsds',NULL,26,'2023-01-25 15:48:42','2023-01-25 15:48:42'),(29,'ameneties_labelccc','ameneties_titleccc','https://i1.wp.com/www.differencebetween.com/wp-content/uploads/2016/11/Difference-Between-Facilities-and-Amenities-2.jpg?w=640&ssl=1','ameneties_image alt','amenetcccccies_details description','https://i1.wp.com/www.differencebetween.com/wp-content/uploads/2016/11/Difference-Between-Facilities-and-Amenities-2.jpg?w=640&ssl=1','ameneties_lacccbel','amenetcccies_label','ameneties_label','https://i1.wp.com/www.differencebetween.com/wp-content/uploads/2016/11/Difference-Between-Facilities-and-Amenities-2.jpg?w=640&ssl=1','ameneties_label','ameneties_label','ameneties_label','amenetiesccc_label','ameneties_label','ameneties_ccclabel','ameneties_labecccl','dsds','dsds333333',NULL,27,'2023-01-26 19:39:50','2023-01-26 19:39:50');
/*!40000 ALTER TABLE `ameneties` ENABLE KEYS */;
UNLOCK TABLES;

--
-- Table structure for table `apartment_unit`
--

DROP TABLE IF EXISTS `apartment_unit`;
/*!40101 SET @saved_cs_client     = @@character_set_client */;
/*!50503 SET character_set_client = utf8mb4 */;
CREATE TABLE `apartment_unit` (
  `apartment_unit_id` int NOT NULL AUTO_INCREMENT,
  `project_id` int DEFAULT NULL,
  `createdAt` datetime DEFAULT NULL,
  `updatedAt` datetime DEFAULT NULL,
  PRIMARY KEY (`apartment_unit_id`)
) ENGINE=InnoDB AUTO_INCREMENT=4 DEFAULT CHARSET=utf8mb4 COLLATE=utf8mb4_0900_ai_ci;
/*!40101 SET character_set_client = @saved_cs_client */;

--
-- Dumping data for table `apartment_unit`
--

LOCK TABLES `apartment_unit` WRITE;
/*!40000 ALTER TABLE `apartment_unit` DISABLE KEYS */;
INSERT INTO `apartment_unit` VALUES (1,1,NULL,NULL),(2,2,NULL,NULL),(3,3,NULL,NULL);
/*!40000 ALTER TABLE `apartment_unit` ENABLE KEYS */;
UNLOCK TABLES;

--
-- Table structure for table `architecture`
--

DROP TABLE IF EXISTS `architecture`;
/*!40101 SET @saved_cs_client     = @@character_set_client */;
/*!50503 SET character_set_client = utf8mb4 */;
CREATE TABLE `architecture` (
  `architecture_id` int NOT NULL AUTO_INCREMENT,
  `architecture_label` varchar(255) DEFAULT NULL,
  `architecture_title` varchar(255) DEFAULT NULL,
  `architecture_description_1` text,
  `architecture_image_1` varchar(512) DEFAULT NULL,
  `architecture_image_1_alt` varchar(100) DEFAULT NULL,
  `architecture_image_1_title` varchar(255) DEFAULT NULL,
  `architecture_image_2` varchar(512) DEFAULT NULL,
  `architecture_image_2_alt` varchar(100) DEFAULT NULL,
  `architecture_image_2_title` varchar(255) DEFAULT NULL,
  `architecture_description_2` text,
  `architecture_image_horizontal` varchar(512) DEFAULT NULL,
  `architecture_image_horizontal_alt` varchar(100) DEFAULT NULL,
  `architecture_image_horizontal_title` varchar(255) DEFAULT NULL,
  `project_id` int DEFAULT NULL,
  `createdAt` datetime DEFAULT NULL,
  `updatedAt` datetime DEFAULT NULL,
  PRIMARY KEY (`architecture_id`)
) ENGINE=InnoDB AUTO_INCREMENT=27 DEFAULT CHARSET=utf8mb4 COLLATE=utf8mb4_0900_ai_ci;
/*!40101 SET character_set_client = @saved_cs_client */;

--
-- Dumping data for table `architecture`
--

LOCK TABLES `architecture` WRITE;
/*!40000 ALTER TABLE `architecture` DISABLE KEYS */;
INSERT INTO `architecture` VALUES (1,'architecture_label 1','architecture_label 1','dsds','https://www.google.com/images/branding/googlelogo/1x/googlelogo_color_272x92dp.png','dsds','architecture_label 1','https://www.google.com/images/branding/googlelogo/1x/googlelogo_color_272x92dp.png','dsds','architecture_label 1','dsds','https://www.google.com/images/branding/googlelogo/1x/googlelogo_color_272x92dp.png','dsds','dsds',1,NULL,NULL),(2,'architecturfdfde_label 1','architecture_fdfdlabel 1','dsfdfdfdds','https://www.google.com/images/branding/googlelogo/1x/googlelogo_color_272x92dp.png','dsfdfdds','architecture_label 1','https://www.google.com/images/branding/googlelogo/1x/googlelogo_color_272x92dp.png','dsds','architecture_label 1','fdfdfdfdffdfd','https://www.google.com/images/branding/googlelogo/1x/googlelogo_color_272x92dp.png','dsddfdfdfdfds','dfdfdfdfdsds',NULL,NULL,NULL),(3,'architecturfdfdgfgfgfe_label 1','archgfgfgfitecture_fdfdlabel 1','dsfdfdfdds','https://www.google.com/images/branding/googlelogo/1x/googlelogo_color_272x92dp.png','dsfgfgfdfdds','archfgfitecture_label 1','https://www.google.com/images/branding/googlelogo/1x/googlelogo_color_272x92dp.png','dsds','architectfgfgfgure_label 1','fdfdfdfdffdfd','https://www.google.com/images/branding/googlelogo/1x/googlelogo_color_272x92dp.png','dsddfdfdfdgfgfgfgffds','dfdfgfhgjhjhjdfdfdsds',NULL,NULL,NULL),(4,'architecturfdfdgfgfgfe_label 1','archgfgfgfitecture_fdfdlabel 1','dsfdfdfdds','https://www.google.com/images/branding/googlelogo/1x/googlelogo_color_272x92dp.png','dsfgfgfdfdds','archfgfitecture_label 1','https://www.google.com/images/branding/googlelogo/1x/googlelogo_color_272x92dp.png','dsds','architectfgfgfgure_label 1','fdfdfdfdffdfd','https://www.google.com/images/branding/googlelogo/1x/googlelogo_color_272x92dp.png','dsddfdfdfdgfgfgfgffds','dfdfgfhgjhjhjdfdfdsds',NULL,NULL,NULL),(5,NULL,NULL,NULL,NULL,NULL,NULL,NULL,NULL,NULL,NULL,NULL,NULL,NULL,5,'2023-01-24 17:47:57','2023-01-24 17:47:57'),(6,NULL,NULL,NULL,NULL,NULL,NULL,NULL,NULL,NULL,NULL,NULL,NULL,NULL,6,'2023-01-24 17:48:34','2023-01-24 17:48:34'),(7,NULL,NULL,NULL,NULL,NULL,NULL,NULL,NULL,NULL,NULL,NULL,NULL,NULL,7,'2023-01-24 17:51:38','2023-01-24 17:51:38'),(8,NULL,NULL,NULL,NULL,NULL,NULL,NULL,NULL,NULL,NULL,NULL,NULL,NULL,8,'2023-01-24 17:52:51','2023-01-24 17:52:51'),(9,NULL,NULL,NULL,NULL,NULL,NULL,NULL,NULL,NULL,NULL,NULL,NULL,NULL,9,'2023-01-24 17:53:41','2023-01-24 17:53:41'),(10,'architecture_label 1','architecture_label 1','dsds','https://www.google.com/images/branding/googlelogo/1x/googlelogo_color_272x92dp.png','dsds','architecture_label 1','https://www.google.com/images/branding/googlelogo/1x/googlelogo_color_272x92dp.png','dsds','architecture_label 1','dsds','https://www.google.com/images/branding/googlelogo/1x/googlelogo_color_272x92dp.png','dsds','dsds',10,'2023-01-24 17:54:44','2023-01-26 19:38:09'),(11,'architecture_label 1','architecture_label 1','dsds','https://www.google.com/images/branding/googlelogo/1x/googlelogo_color_272x92dp.png','dsds','architecture_label 1','https://www.google.com/images/branding/googlelogo/1x/googlelogo_color_272x92dp.png','dsds','architecture_label 1','dsds','https://www.google.com/images/branding/googlelogo/1x/googlelogo_color_272x92dp.png','dsds','dsds',11,'2023-01-24 17:56:17','2023-01-24 17:56:17'),(12,'architecture_label 1','architecture_label 1','dsds','https://www.google.com/images/branding/googlelogo/1x/googlelogo_color_272x92dp.png','dsds','architecture_label 1','https://www.google.com/images/branding/googlelogo/1x/googlelogo_color_272x92dp.png','dsds','architecture_label 1','dsds','https://www.google.com/images/branding/googlelogo/1x/googlelogo_color_272x92dp.png','dsds','dsds',12,'2023-01-24 17:57:20','2023-01-24 17:57:20'),(13,'architecture_label 1','architecture_label 1','dsds','https://www.google.com/images/branding/googlelogo/1x/googlelogo_color_272x92dp.png','dsds','architecture_label 1','https://www.google.com/images/branding/googlelogo/1x/googlelogo_color_272x92dp.png','dsds','architecture_label 1','dsds','https://www.google.com/images/branding/googlelogo/1x/googlelogo_color_272x92dp.png','dsds','dsds',13,'2023-01-24 17:58:34','2023-01-24 17:58:34'),(14,'architecture_label 1','architecture_label 1','dsds','https://www.google.com/images/branding/googlelogo/1x/googlelogo_color_272x92dp.png','dsds','architecture_label 1','https://www.google.com/images/branding/googlelogo/1x/googlelogo_color_272x92dp.png','dsds','architecture_label 1','dsds','https://www.google.com/images/branding/googlelogo/1x/googlelogo_color_272x92dp.png','dsds','dsds',15,'2023-01-24 18:01:58','2023-01-24 18:01:58'),(15,'architecture_label 1','architecture_label 1','dsds','https://www.google.com/images/branding/googlelogo/1x/googlelogo_color_272x92dp.png','dsds','architecture_label 1','https://www.google.com/images/branding/googlelogo/1x/googlelogo_color_272x92dp.png','dsds','architecture_label 1','dsds','https://www.google.com/images/branding/googlelogo/1x/googlelogo_color_272x92dp.png','dsds','dsds',16,'2023-01-24 18:02:32','2023-01-24 18:02:32'),(16,'architecture_label 1','architecture_label 1','dsds','https://www.google.com/images/branding/googlelogo/1x/googlelogo_color_272x92dp.png','dsds','architecture_label 1','https://www.google.com/images/branding/googlelogo/1x/googlelogo_color_272x92dp.png','dsds','architecture_label 1','dsds','https://www.google.com/images/branding/googlelogo/1x/googlelogo_color_272x92dp.png','dsds','dsds',17,'2023-01-24 18:03:27','2023-01-24 18:03:27'),(17,'architecture_label 1','architecture_label 1','dsds','https://www.google.com/images/branding/googlelogo/1x/googlelogo_color_272x92dp.png','dsds','architecture_label 1','https://www.google.com/images/branding/googlelogo/1x/googlelogo_color_272x92dp.png','dsds','architecture_label 1','dsds','https://www.google.com/images/branding/googlelogo/1x/googlelogo_color_272x92dp.png','dsds','dsds',18,'2023-01-24 18:04:47','2023-01-24 18:04:47'),(18,'architecture_label 1','architecture_label 1','dsds','https://www.google.com/images/branding/googlelogo/1x/googlelogo_color_272x92dp.png','dsds','architecture_label 1','https://www.google.com/images/branding/googlelogo/1x/googlelogo_color_272x92dp.png','dsds','architecture_label 1','dsds','https://www.google.com/images/branding/googlelogo/1x/googlelogo_color_272x92dp.png','dsds','dsds',19,'2023-01-24 18:08:25','2023-01-24 18:08:25'),(19,'architecture_label 1','architecture_label 1','dsds','https://www.google.com/images/branding/googlelogo/1x/googlelogo_color_272x92dp.png','dsds','architecture_label 1','https://www.google.com/images/branding/googlelogo/1x/googlelogo_color_272x92dp.png','dsds','architecture_label 1','dsds','https://www.google.com/images/branding/googlelogo/1x/googlelogo_color_272x92dp.png','dsds','dsds',20,'2023-01-24 18:09:12','2023-01-24 18:09:12'),(20,'architecture_label 1','architecture_label 1','dsds','https://www.google.com/images/branding/googlelogo/1x/googlelogo_color_272x92dp.png','dsds','architecture_label 1','https://www.google.com/images/branding/googlelogo/1x/googlelogo_color_272x92dp.png','dsds','architecture_label 1','dsds','https://www.google.com/images/branding/googlelogo/1x/googlelogo_color_272x92dp.png','dsds','dsds',21,'2023-01-24 18:10:35','2023-01-24 18:10:35'),(21,'architecture_label 1','architecture_label 1','dsds','https://www.google.com/images/branding/googlelogo/1x/googlelogo_color_272x92dp.png','dsds','architecture_label 1','https://www.google.com/images/branding/googlelogo/1x/googlelogo_color_272x92dp.png','dsds','architecture_label 1','dsds','https://www.google.com/images/branding/googlelogo/1x/googlelogo_color_272x92dp.png','dsds','dsds',22,'2023-01-24 18:11:14','2023-01-24 18:11:14'),(22,'architecture_label 1','architecture_label 1','dsds','https://www.google.com/images/branding/googlelogo/1x/googlelogo_color_272x92dp.png','dsds','architecture_label 1','https://www.google.com/images/branding/googlelogo/1x/googlelogo_color_272x92dp.png','dsds','architecture_label 1','dsds','https://www.google.com/images/branding/googlelogo/1x/googlelogo_color_272x92dp.png','dsds','dsds',23,'2023-01-24 18:15:24','2023-01-24 18:15:24'),(23,'architecture_label 1','architecture_label 1','dsds','https://www.google.com/images/branding/googlelogo/1x/googlelogo_color_272x92dp.png','dsds','architecture_label 1','https://www.google.com/images/branding/googlelogo/1x/googlelogo_color_272x92dp.png','dsds','architecture_label 1','dsds','https://www.google.com/images/branding/googlelogo/1x/googlelogo_color_272x92dp.png','dsds','dsds',24,'2023-01-24 18:16:29','2023-01-24 18:16:29'),(24,'architecture_label 1','architecture_label 1','dsds','https://www.google.com/images/branding/googlelogo/1x/googlelogo_color_272x92dp.png','dsds','architecture_label 1','https://www.google.com/images/branding/googlelogo/1x/googlelogo_color_272x92dp.png','dsds','architecture_label 1','dsds','https://www.google.com/images/branding/googlelogo/1x/googlelogo_color_272x92dp.png','dsds','dsds',25,'2023-01-25 15:43:04','2023-01-25 15:43:04'),(25,'architecture_label 1','architecture_label 1','dsds','https://www.google.com/images/branding/googlelogo/1x/googlelogo_color_272x92dp.png','dsds','architecture_label 1','https://www.google.com/images/branding/googlelogo/1x/googlelogo_color_272x92dp.png','dsds','architecture_label 1','dsds','https://www.google.com/images/branding/googlelogo/1x/googlelogo_color_272x92dp.png','dsds','dsds',26,'2023-01-25 15:48:42','2023-01-25 15:48:42'),(26,'architecture_label 1','architecture_label 1','dsds','https://www.google.com/images/branding/googlelogo/1x/googlelogo_color_272x92dp.png','dsds','architecture_label 1','https://www.google.com/images/branding/googlelogo/1x/googlelogo_color_272x92dp.png','dsds','architecture_label 1','dsds','https://www.google.com/images/branding/googlelogo/1x/googlelogo_color_272x92dp.png','dsds','dsds',27,'2023-01-26 19:39:50','2023-01-26 19:39:50');
/*!40000 ALTER TABLE `architecture` ENABLE KEYS */;
UNLOCK TABLES;

--
-- Table structure for table `faq`
--

DROP TABLE IF EXISTS `faq`;
/*!40101 SET @saved_cs_client     = @@character_set_client */;
/*!50503 SET character_set_client = utf8mb4 */;
CREATE TABLE `faq` (
  `faq_id` int NOT NULL AUTO_INCREMENT,
  `question` varchar(255) DEFAULT NULL,
  `answer` text,
  `project_id` int DEFAULT NULL,
  `createdAt` datetime DEFAULT NULL,
  `updatedAt` datetime DEFAULT NULL,
  PRIMARY KEY (`faq_id`)
) ENGINE=InnoDB AUTO_INCREMENT=35 DEFAULT CHARSET=utf8mb4 COLLATE=utf8mb4_0900_ai_ci;
/*!40101 SET character_set_client = @saved_cs_client */;

--
-- Dumping data for table `faq`
--

LOCK TABLES `faq` WRITE;
/*!40000 ALTER TABLE `faq` DISABLE KEYS */;
INSERT INTO `faq` VALUES (1,'Do you offer home loan services?','So how did the classical Latin become so incoherent? According to McClintock, a 15th century typesetter likely scrambled part of Cicero\'s',1,NULL,NULL),(2,'What are capital gain on property purches?','So how did the classical Latin become so incoherent? According to McClintock, a 15th century typesetter likely scrambled part of Cicero\'s',2,NULL,NULL),(3,'What kind of properties listed on your website?','So how did the classical Latin become so incoherent? According to McClintock, a 15th century typesetter likely scrambled part of Cicero\'s ',3,NULL,NULL),(4,'Do you offer home loan services?','So how did the classical Latin become so incoherent? According to McClintock, a 15th century typesetter likely scrambled part of Cicero\'s',5,'2023-01-24 17:47:57','2023-01-24 17:47:57'),(5,'Do you offer home loan services?','So how did the classical Latin become so incoherent? According to McClintock, a 15th century typesetter likely scrambled part of Cicero\'s',6,'2023-01-24 17:48:34','2023-01-24 17:48:34'),(6,'Do you offer home loan services?','So how did the classical Latin become so incoherent? According to McClintock, a 15th century typesetter likely scrambled part of Cicero\'s',7,'2023-01-24 17:51:38','2023-01-24 17:51:38'),(7,'Do you offer home loan services?','So how did the classical Latin become so incoherent? According to McClintock, a 15th century typesetter likely scrambled part of Cicero\'s',8,'2023-01-24 17:52:51','2023-01-24 17:52:51'),(8,'Do you offer home loan services?','So how did the classical Latin become so incoherent? According to McClintock, a 15th century typesetter likely scrambled part of Cicero\'s',9,'2023-01-24 17:53:41','2023-01-24 17:53:41'),(10,'Do you offer home loan services?','So how did the classical Latin become so incoherent? According to McClintock, a 15th century typesetter likely scrambled part of Cicero\'s',11,'2023-01-24 17:56:17','2023-01-24 17:56:17'),(11,'Do you offer home loan services?','So how did the classical Latin become so incoherent? According to McClintock, a 15th century typesetter likely scrambled part of Cicero\'s',12,'2023-01-24 17:57:20','2023-01-24 17:57:20'),(12,'Do you offer home loan services?','So how did the classical Latin become so incoherent? According to McClintock, a 15th century typesetter likely scrambled part of Cicero\'s',13,'2023-01-24 17:58:34','2023-01-24 17:58:34'),(13,'Do you offer home loan services?','So how did the classical Latin become so incoherent? According to McClintock, a 15th century typesetter likely scrambled part of Cicero\'s',15,'2023-01-24 18:01:58','2023-01-24 18:01:58'),(14,'Do you offer home loan services?','So how did the classical Latin become so incoherent? According to McClintock, a 15th century typesetter likely scrambled part of Cicero\'s',16,'2023-01-24 18:02:32','2023-01-24 18:02:32'),(15,'Do you offer home loan services?','So how did the classical Latin become so incoherent? According to McClintock, a 15th century typesetter likely scrambled part of Cicero\'s',17,'2023-01-24 18:03:27','2023-01-24 18:03:27'),(16,'Do you offer home loan services?','So how did the classical Latin become so incoherent? According to McClintock, a 15th century typesetter likely scrambled part of Cicero\'s',18,'2023-01-24 18:04:47','2023-01-24 18:04:47'),(17,'Do you offer home loan services?','So how did the classical Latin become so incoherent? According to McClintock, a 15th century typesetter likely scrambled part of Cicero\'s',19,'2023-01-24 18:08:25','2023-01-24 18:08:25'),(18,'Do you offer home loan services?','So how did the classical Latin become so incoherent? According to McClintock, a 15th century typesetter likely scrambled part of Cicero\'s',20,'2023-01-24 18:09:12','2023-01-24 18:09:12'),(19,'Do you offer home loan services?','So how did the classical Latin become so incoherent? According to McClintock, a 15th century typesetter likely scrambled part of Cicero\'s',21,'2023-01-24 18:10:36','2023-01-24 18:10:36'),(20,'Do you offer home loan services?','So how did the classical Latin become so incoherent? According to McClintock, a 15th century typesetter likely scrambled part of Cicero\'s',22,'2023-01-24 18:11:14','2023-01-24 18:11:14'),(21,'Do you offer home loan services?','So how did the classical Latin become so incoherent? According to McClintock, a 15th century typesetter likely scrambled part of Cicero\'s',23,'2023-01-24 18:15:24','2023-01-24 18:15:24'),(22,'Do you offer home loan services? -1','So how did the classical Latin become so incoherent? According to McClintock, a 15th century typesetter likely scrambled part of Cicero\'s',23,'2023-01-24 18:15:24','2023-01-24 18:15:24'),(23,'Do you offer home loan services?','So how did the classical Latin become so incoherent? According to McClintock, a 15th century typesetter likely scrambled part of Cicero\'s',24,'2023-01-24 18:16:29','2023-01-24 18:16:29'),(24,'Do you offer home loan services? -1','So how did the classical Latin become so incoherent? According to McClintock, a 15th century typesetter likely scrambled part of Cicero\'s',24,'2023-01-24 18:16:29','2023-01-24 18:16:29'),(25,'Do you offer home loan services?','So how did the classical Latin become so incoherent? According to McClintock, a 15th century typesetter likely scrambled part of Cicero\'s',25,'2023-01-25 15:43:04','2023-01-25 15:43:04'),(26,'Do you offer home loan services? -1','So how did the classical Latin become so incoherent? According to McClintock, a 15th century typesetter likely scrambled part of Cicero\'s',25,'2023-01-25 15:43:04','2023-01-25 15:43:04'),(27,'Do you offer home loan services?','So how did the classical Latin become so incoherent? According to McClintock, a 15th century typesetter likely scrambled part of Cicero\'s',26,'2023-01-25 15:48:42','2023-01-25 15:48:42'),(28,'Do you offer home loan services? -1','So how did the classical Latin become so incoherent? According to McClintock, a 15th century typesetter likely scrambled part of Cicero\'s',26,'2023-01-25 15:48:42','2023-01-25 15:48:42'),(29,'Do you offer home loan services?','So how did the classical Latin become so incoherent? According to McClintock, a 15th century typesetter likely scrambled part of Cicero\'s',10,'2023-01-26 19:38:09','2023-01-26 19:38:09'),(30,'Do you offer home loan services? -1','So how did the classical Latin become so incoherent? According to McClintock, a 15th century typesetter likely scrambled part of Cicero\'s',10,'2023-01-26 19:38:09','2023-01-26 19:38:09'),(31,'Do you offer home loan services? -3','So how did the classical Latin become so incoherent? According to McClintock, a 15th century typesetter likely scrambled part of Cicero\'s',10,'2023-01-26 19:38:09','2023-01-26 19:38:09'),(32,'Do you offer home loan services?','So how did the classical Latin become so incoherent? According to McClintock, a 15th century typesetter likely scrambled part of Cicero\'s',27,'2023-01-26 19:39:50','2023-01-26 19:39:50'),(33,'Do you offer home loan services? -1','So how did the classical Latin become so incoherent? According to McClintock, a 15th century typesetter likely scrambled part of Cicero\'s',27,'2023-01-26 19:39:50','2023-01-26 19:39:50'),(34,'Do you offer home loan services? -3','So how did the classical Latin become so incoherent? According to McClintock, a 15th century typesetter likely scrambled part of Cicero\'s',27,'2023-01-26 19:39:50','2023-01-26 19:39:50');
/*!40000 ALTER TABLE `faq` ENABLE KEYS */;
UNLOCK TABLES;

--
-- Table structure for table `floor`
--

DROP TABLE IF EXISTS `floor`;
/*!40101 SET @saved_cs_client     = @@character_set_client */;
/*!50503 SET character_set_client = utf8mb4 */;
CREATE TABLE `floor` (
  `floor_id` int NOT NULL AUTO_INCREMENT,
  `name` varchar(255) DEFAULT NULL,
  `type` varchar(255) DEFAULT NULL,
  `number_of_units` int DEFAULT NULL,
  `tower_id` int DEFAULT NULL,
  `createdAt` datetime DEFAULT NULL,
  `updatedAt` datetime DEFAULT NULL,
  PRIMARY KEY (`floor_id`)
) ENGINE=InnoDB AUTO_INCREMENT=4 DEFAULT CHARSET=utf8mb4 COLLATE=utf8mb4_0900_ai_ci;
/*!40101 SET character_set_client = @saved_cs_client */;

--
-- Dumping data for table `floor`
--

LOCK TABLES `floor` WRITE;
/*!40000 ALTER TABLE `floor` DISABLE KEYS */;
INSERT INTO `floor` VALUES (1,'Floor 1','floor Name 1',2,1,NULL,NULL),(2,'Floor 2','floor Name 2',5,2,NULL,NULL),(3,'Floor 3','floor Name 3',6,3,NULL,NULL);
/*!40000 ALTER TABLE `floor` ENABLE KEYS */;
UNLOCK TABLES;

--
-- Table structure for table `housing_unit`
--

DROP TABLE IF EXISTS `housing_unit`;
/*!40101 SET @saved_cs_client     = @@character_set_client */;
/*!50503 SET character_set_client = utf8mb4 */;
CREATE TABLE `housing_unit` (
  `housing_unit_id` int NOT NULL AUTO_INCREMENT,
  `project_id` int DEFAULT NULL,
  `createdAt` datetime DEFAULT NULL,
  `updatedAt` datetime DEFAULT NULL,
  PRIMARY KEY (`housing_unit_id`)
) ENGINE=InnoDB AUTO_INCREMENT=4 DEFAULT CHARSET=utf8mb4 COLLATE=utf8mb4_0900_ai_ci;
/*!40101 SET character_set_client = @saved_cs_client */;

--
-- Dumping data for table `housing_unit`
--

LOCK TABLES `housing_unit` WRITE;
/*!40000 ALTER TABLE `housing_unit` DISABLE KEYS */;
INSERT INTO `housing_unit` VALUES (1,1,NULL,NULL),(2,2,NULL,NULL),(3,3,NULL,NULL);
/*!40000 ALTER TABLE `housing_unit` ENABLE KEYS */;
UNLOCK TABLES;

--
-- Table structure for table `job`
--

DROP TABLE IF EXISTS `job`;
/*!40101 SET @saved_cs_client     = @@character_set_client */;
/*!50503 SET character_set_client = utf8mb4 */;
CREATE TABLE `job` (
  `job_id` int NOT NULL AUTO_INCREMENT,
  `qualification` varchar(255) DEFAULT NULL,
  `location` varchar(255) DEFAULT NULL,
  `experience` varchar(255) DEFAULT NULL,
  `description` text,
  `createdAt` datetime DEFAULT NULL,
  `updatedAt` datetime DEFAULT NULL,
  PRIMARY KEY (`job_id`)
) ENGINE=InnoDB AUTO_INCREMENT=6 DEFAULT CHARSET=utf8mb4 COLLATE=utf8mb4_0900_ai_ci;
/*!40101 SET character_set_client = @saved_cs_client */;

--
-- Dumping data for table `job`
--

LOCK TABLES `job` WRITE;
/*!40000 ALTER TABLE `job` DISABLE KEYS */;
INSERT INTO `job` VALUES (1,'qualification 1','Kandy','experience 1','description 1',NULL,NULL),(2,'qualification2','Colombo ','experience 2','description 2',NULL,NULL),(3,'qualification 1','Kandy','experience 1','description 1',NULL,NULL),(4,'qualification2','Colombo ','experience 2','description 2',NULL,NULL),(5,'qualification 3','Matara','experience 3','A computer of arithmetic or logical operations (computation) automatically.',NULL,NULL);
/*!40000 ALTER TABLE `job` ENABLE KEYS */;
UNLOCK TABLES;

--
-- Table structure for table `location`
--

DROP TABLE IF EXISTS `location`;
/*!40101 SET @saved_cs_client     = @@character_set_client */;
/*!50503 SET character_set_client = utf8mb4 */;
CREATE TABLE `location` (
  `location_id` int NOT NULL AUTO_INCREMENT,
  `location_label` varchar(255) DEFAULT NULL,
  `location_title` varchar(255) DEFAULT NULL,
  `location_description` text,
  `location_g_map_location` varchar(255) DEFAULT NULL,
  `location_amenity_1` varchar(255) DEFAULT NULL,
  `location_amenity_1_details` text,
  `location_amenity_2` varchar(255) DEFAULT NULL,
  `location_amenity_2_details` text,
  `location_amenity_3` varchar(255) DEFAULT NULL,
  `location_amenity_3_details` text,
  `location_amenity_4` varchar(255) DEFAULT NULL,
  `location_amenity_4_details` text,
  `project_id` int DEFAULT NULL,
  `createdAt` datetime DEFAULT NULL,
  `updatedAt` datetime DEFAULT NULL,
  PRIMARY KEY (`location_id`)
) ENGINE=InnoDB AUTO_INCREMENT=26 DEFAULT CHARSET=utf8mb4 COLLATE=utf8mb4_0900_ai_ci;
/*!40101 SET character_set_client = @saved_cs_client */;

--
-- Dumping data for table `location`
--

LOCK TABLES `location` WRITE;
/*!40000 ALTER TABLE `location` DISABLE KEYS */;
INSERT INTO `location` VALUES (1,'location_label 2','location_label ds2','dsds','location_amenity_2 2','dsd 2','dsdsds','dsds 2','Ansdsdwer 2','dsd','questidsdson 2','Ansdsdswer 2','dsdsd',1,NULL,NULL),(2,'locationdsdsd_label 2','location_dsdsdlabel ds2','ddsdsdsdsds','location_amenisdsdsdty_2 2','ddsdsdsd 2','dsdsdsdsddsds','dsdssdsdsdsd 2','Ansdsdwsdsdsder 2','dsdsdsdsdsd','questidsdsondsdsds 2','Adsdsdsdnsdsdswer 2','dsdsdsddsd',NULL,NULL,NULL),(3,'locationdsdshghghd_label 2','locasssddddddddddddtion_dsdsdlabel ds2','ddsdddddddddddsdsdsds','location_ameghdsdsdssssssssssssnisdsdsddsdsty_2 2','ddsdsdsdsdsdsdsd 2','dsdsdddddddddddddsdsddsds','dsdssdsdsdsdhghg 2','Ansdsdwsdsdsder 2','dsdsdsdsdsfdfrfhghgdsdsdsd','questidsdsondsdsdhghgs 2','Adsdsdsdnsdhghghgsdswer 2','dsdshghghghdsddsd',NULL,NULL,NULL),(4,NULL,NULL,NULL,NULL,NULL,NULL,NULL,NULL,NULL,NULL,NULL,NULL,5,'2023-01-24 17:47:57','2023-01-24 17:47:57'),(5,NULL,NULL,NULL,NULL,NULL,NULL,NULL,NULL,NULL,NULL,NULL,NULL,6,'2023-01-24 17:48:34','2023-01-24 17:48:34'),(6,NULL,NULL,NULL,NULL,NULL,NULL,NULL,NULL,NULL,NULL,NULL,NULL,7,'2023-01-24 17:51:38','2023-01-24 17:51:38'),(7,NULL,NULL,NULL,NULL,NULL,NULL,NULL,NULL,NULL,NULL,NULL,NULL,8,'2023-01-24 17:52:51','2023-01-24 17:52:51'),(8,NULL,NULL,NULL,NULL,NULL,NULL,NULL,NULL,NULL,NULL,NULL,NULL,9,'2023-01-24 17:53:41','2023-01-24 17:53:41'),(9,'location_label 2','location_label ds2','dsds','location_amenity_2 2','dsd 2','dsdsds','dsds 2','Ansdsdwer 2','dsd','questidsdson 2','Ansdsdswer 2','dsdsd',10,'2023-01-24 17:54:44','2023-01-26 19:38:09'),(10,'location_label 2','location_label ds2','dsds','location_amenity_2 2','dsd 2','dsdsds','dsds 2','Ansdsdwer 2','dsd','questidsdson 2','Ansdsdswer 2','dsdsd',11,'2023-01-24 17:56:17','2023-01-24 17:56:17'),(11,'location_label 2','location_label ds2','dsds','location_amenity_2 2','dsd 2','dsdsds','dsds 2','Ansdsdwer 2','dsd','questidsdson 2','Ansdsdswer 2','dsdsd',12,'2023-01-24 17:57:20','2023-01-24 17:57:20'),(12,'location_label 2','location_label ds2','dsds','location_amenity_2 2','dsd 2','dsdsds','dsds 2','Ansdsdwer 2','dsd','questidsdson 2','Ansdsdswer 2','dsdsd',13,'2023-01-24 17:58:34','2023-01-24 17:58:34'),(13,'location_label 2','location_label ds2','dsds','location_amenity_2 2','dsd 2','dsdsds','dsds 2','Ansdsdwer 2','dsd','questidsdson 2','Ansdsdswer 2','dsdsd',15,'2023-01-24 18:01:58','2023-01-24 18:01:58'),(14,'location_label 2','location_label ds2','dsds','location_amenity_2 2','dsd 2','dsdsds','dsds 2','Ansdsdwer 2','dsd','questidsdson 2','Ansdsdswer 2','dsdsd',16,'2023-01-24 18:02:32','2023-01-24 18:02:32'),(15,'location_label 2','location_label ds2','dsds','location_amenity_2 2','dsd 2','dsdsds','dsds 2','Ansdsdwer 2','dsd','questidsdson 2','Ansdsdswer 2','dsdsd',17,'2023-01-24 18:03:27','2023-01-24 18:03:27'),(16,'location_label 2','location_label ds2','dsds','location_amenity_2 2','dsd 2','dsdsds','dsds 2','Ansdsdwer 2','dsd','questidsdson 2','Ansdsdswer 2','dsdsd',18,'2023-01-24 18:04:47','2023-01-24 18:04:47'),(17,'location_label 2','location_label ds2','dsds','location_amenity_2 2','dsd 2','dsdsds','dsds 2','Ansdsdwer 2','dsd','questidsdson 2','Ansdsdswer 2','dsdsd',19,'2023-01-24 18:08:25','2023-01-24 18:08:25'),(18,'location_label 2','location_label ds2','dsds','location_amenity_2 2','dsd 2','dsdsds','dsds 2','Ansdsdwer 2','dsd','questidsdson 2','Ansdsdswer 2','dsdsd',20,'2023-01-24 18:09:12','2023-01-24 18:09:12'),(19,'location_label 2','location_label ds2','dsds','location_amenity_2 2','dsd 2','dsdsds','dsds 2','Ansdsdwer 2','dsd','questidsdson 2','Ansdsdswer 2','dsdsd',21,'2023-01-24 18:10:36','2023-01-24 18:10:36'),(20,'location_label 2','location_label ds2','dsds','location_amenity_2 2','dsd 2','dsdsds','dsds 2','Ansdsdwer 2','dsd','questidsdson 2','Ansdsdswer 2','dsdsd',22,'2023-01-24 18:11:14','2023-01-24 18:11:14'),(21,'location_label 2','location_label ds2','dsds','location_amenity_2 2','dsd 2','dsdsds','dsds 2','Ansdsdwer 2','dsd','questidsdson 2','Ansdsdswer 2','dsdsd',23,'2023-01-24 18:15:24','2023-01-24 18:15:24'),(22,'location_label 2','location_label ds2','dsds','location_amenity_2 2','dsd 2','dsdsds','dsds 2','Ansdsdwer 2','dsd','questidsdson 2','Ansdsdswer 2','dsdsd',24,'2023-01-24 18:16:29','2023-01-24 18:16:29'),(23,'location_label 2','location_label ds2','dsds','location_amenity_2 2','dsd 2','dsdsds','dsds 2','Ansdsdwer 2','dsd','questidsdson 2','Ansdsdswer 2','dsdsd',25,'2023-01-25 15:43:04','2023-01-25 15:43:04'),(24,'location_label 2','location_label ds2','dsds','location_amenity_2 2','dsd 2','dsdsds','dsds 2','Ansdsdwer 2','dsd','questidsdson 2','Ansdsdswer 2','dsdsd',26,'2023-01-25 15:48:42','2023-01-25 15:48:42'),(25,'location_label 2','location_label ds2','dsds','location_amenity_2 2','dsd 2','dsdsds','dsds 2','Ansdsdwer 2','dsd','questidsdson 2','Ansdsdswer 2','dsdsd',27,'2023-01-26 19:39:50','2023-01-26 19:39:50');
/*!40000 ALTER TABLE `location` ENABLE KEYS */;
UNLOCK TABLES;

--
-- Table structure for table `project`
--

DROP TABLE IF EXISTS `project`;
/*!40101 SET @saved_cs_client     = @@character_set_client */;
/*!50503 SET character_set_client = utf8mb4 */;
CREATE TABLE `project` (
  `project_id` int NOT NULL AUTO_INCREMENT,
  `district` varchar(100) DEFAULT NULL,
  `matter_port` varchar(255) DEFAULT NULL,
  `type` varchar(255) DEFAULT NULL,
  `name` varchar(255) DEFAULT NULL,
  `slider_1_img` varchar(512) DEFAULT NULL,
  `slider_1_atl` varchar(100) DEFAULT NULL,
  `slider_2_img` varchar(512) DEFAULT NULL,
  `slider_2_atl` varchar(100) DEFAULT NULL,
  `slider_3_img` varchar(512) DEFAULT NULL,
  `slider_3_atl` varchar(100) DEFAULT NULL,
  `slider_4_img` varchar(512) DEFAULT NULL,
  `slider_4_atl` varchar(100) DEFAULT NULL,
  `facility_label` varchar(100) DEFAULT NULL,
  `facility_title` varchar(255) DEFAULT NULL,
  `facility_description` text,
  `facility_1` varchar(255) DEFAULT NULL,
  `icon_1` varchar(512) DEFAULT NULL,
  `facility_2` varchar(255) DEFAULT NULL,
  `icon_2` varchar(512) DEFAULT NULL,
  `facility_3` varchar(255) DEFAULT NULL,
  `icon_3` varchar(512) DEFAULT NULL,
  `facility_4` varchar(255) DEFAULT NULL,
  `icon_4` varchar(512) DEFAULT NULL,
  `facility_5` varchar(255) DEFAULT NULL,
  `icon_5` varchar(512) DEFAULT NULL,
  `facility_6` varchar(255) DEFAULT NULL,
  `icon_6` varchar(512) DEFAULT NULL,
  `project_details_label` varchar(255) DEFAULT NULL,
  `project_details_title` varchar(255) DEFAULT NULL,
  `project_details_location` varchar(255) DEFAULT NULL,
  `project_details_number_of_bedrooms` int DEFAULT NULL,
  `project_details_number_of_floors` int DEFAULT NULL,
  `project_details_property_type` varchar(255) DEFAULT NULL,
  `project_details_number_of_units` int DEFAULT NULL,
  `project_details_car_park_spaces` int DEFAULT NULL,
  `project_details_architect` varchar(255) DEFAULT NULL,
  `project_details_developer` varchar(255) DEFAULT NULL,
  `property_id` int DEFAULT NULL,
  `video_url` varchar(512) DEFAULT NULL,
  `ameneties_id` int DEFAULT NULL,
  `design_label` varchar(255) DEFAULT NULL,
  `design_title` varchar(255) DEFAULT NULL,
  `design_description_1` text,
  `design_image_1` varchar(512) DEFAULT NULL,
  `design_image_1_alt` varchar(100) DEFAULT NULL,
  `design_image_1_title` varchar(255) DEFAULT NULL,
  `design_image_2` varchar(512) DEFAULT NULL,
  `design_image_2_alt` varchar(100) DEFAULT NULL,
  `design_image_2_title` varchar(255) DEFAULT NULL,
  `design_description_2` text,
  `design_image_horizontal` varchar(512) DEFAULT NULL,
  `design_image_horizontal_alt` varchar(100) DEFAULT NULL,
  `design_image_horizontal_title` varchar(255) DEFAULT NULL,
  `architecture_id` int DEFAULT NULL,
  `project_plan_label` varchar(255) DEFAULT NULL,
  `project_plan_title` varchar(255) DEFAULT NULL,
  `project_plan_description` text,
  `project_plan_image` varchar(512) DEFAULT NULL,
  `project_plan_alt` varchar(255) DEFAULT NULL,
  `faq_label` varchar(255) DEFAULT NULL,
  `faq_title` varchar(255) DEFAULT NULL,
  `faq_description` text,
  `createdAt` datetime DEFAULT NULL,
  `updatedAt` datetime DEFAULT NULL,
  `status` varchar(50) DEFAULT NULL,
  PRIMARY KEY (`project_id`)
) ENGINE=InnoDB AUTO_INCREMENT=28 DEFAULT CHARSET=utf8mb4 COLLATE=utf8mb4_0900_ai_ci;
/*!40101 SET character_set_client = @saved_cs_client */;

--
-- Dumping data for table `project`
--

LOCK TABLES `project` WRITE;
/*!40000 ALTER TABLE `project` DISABLE KEYS */;
INSERT INTO `project` VALUES (1,'district ','matter_port ','type ','Malabe','https://www.w3schools.com/html/pic_trulli.jpg ','slider_1_atl ','https://www.w3schools.com/html/pic_trulli.jpg ','slider_2_atl','https://www.w3schools.com/html/pic_trulli.jpg ','slider_3_atl','https://www.w3schools.com/html/pic_trulli.jpg ','slider_4_atl','facilitfy_label','facilitfdy_title ','facilitfdy_description','facility_1','icon_1 ','facility_2 ','icon_2 ','facility_3','icon_fd3 ','facildfity_4','iconfd_4 ','facifdlity_5','icofdn_5 ','facility_6','icon_6 ','project_details_label ','project_dfdfetails_title ','Wadduwa',2,20,'Residential Development',160,360,'Philip Weeraratne Associates','Home Lands Pvt Ldt',1,'video_url ',1,'design_label ','design_title','design_description_1','https://www.w3schools.com/html/pic_trulli.jpg','design_image_1_alt ','design_image_1_title','https://www.w3schools.com/html/pic_trulli.jpg','design_image_2_alt','design_image_2_title','design_description_2','https://www.w3schools.com/html/pic_trulli.jpg','design_image_horizontal_alt','design_image_horizontal_title',1,'project_plan_label','project_plan_title','project_plan_description','https://www.w3schools.com/html/pic_trulli.jpg','project_plan_alt','faq_label','faq_title','faq_description',NULL,NULL,'now-changed'),(2,'district ','matter_port ','type ','name ','https://www.w3schools.com/html/pic_trulli.jpg ','slider_1fdfd_atl ','https://www.w3schools.com/html/img_chania.jpg ','slider_2fdfd_atl','https://www.w3schools.com/html/pic_trulli.jpg ','slider_3fdf_atl','https://www.w3schools.com/html/img_chania.jpg','slider_4fd_atl','facilitfy_fdflabel','facilitfdy_title ','facilitfdy_description','facility_1','icon_1 ','facility_2 ','icon_2 ','facility_3','icon_fd3 ','facildfity_4','iconfd_4 ','facifdlity_5','icofdn_5 ','facility_6','icon_6 ','project_details_label ','project_dfdfetails_title ','project_details_location ',2,3,'project_details_property_type',5,2,'project_details_architect','project_details_developer ',2,'video_url ',2,'design_label ','design_title','design_description_1','https://www.w3schools.com/html/img_chania.jpg','design_image_1_alt ','design_image_1_title','https://www.w3schools.com/html/pic_trulli.jpg','design_image_2_alt','design_image_2_title','design_description_2','https://www.w3schools.com/html/pic_trulli.jpg','design_image_horizontal_alt','design_image_horizontal_title',2,'project_plan_label','project_plan_title','project_plan_description','https://www.w3schools.com/html/img_chania.jpg','project_plan_alt','faq_label','faq_title','faq_description',NULL,NULL,NULL),(3,NULL,NULL,NULL,NULL,NULL,NULL,NULL,NULL,NULL,NULL,NULL,NULL,NULL,NULL,NULL,NULL,NULL,NULL,NULL,NULL,NULL,NULL,NULL,NULL,NULL,NULL,NULL,NULL,NULL,NULL,NULL,NULL,NULL,NULL,NULL,NULL,NULL,NULL,NULL,NULL,NULL,NULL,NULL,NULL,NULL,NULL,NULL,NULL,NULL,NULL,NULL,NULL,NULL,NULL,NULL,NULL,NULL,NULL,NULL,NULL,NULL,NULL,'2023-01-24 17:45:31','2023-01-24 17:45:31',NULL),(4,NULL,NULL,NULL,NULL,NULL,NULL,NULL,NULL,NULL,NULL,NULL,NULL,NULL,NULL,NULL,NULL,NULL,NULL,NULL,NULL,NULL,NULL,NULL,NULL,NULL,NULL,NULL,NULL,NULL,NULL,NULL,NULL,NULL,NULL,NULL,NULL,NULL,NULL,NULL,NULL,NULL,NULL,NULL,NULL,NULL,NULL,NULL,NULL,NULL,NULL,NULL,NULL,NULL,NULL,NULL,NULL,NULL,NULL,NULL,NULL,NULL,NULL,'2023-01-24 17:46:41','2023-01-24 17:46:41',NULL),(5,NULL,NULL,NULL,NULL,NULL,NULL,NULL,NULL,NULL,NULL,NULL,NULL,NULL,NULL,NULL,NULL,NULL,NULL,NULL,NULL,NULL,NULL,NULL,NULL,NULL,NULL,NULL,NULL,NULL,NULL,NULL,NULL,NULL,NULL,NULL,NULL,NULL,NULL,NULL,NULL,NULL,NULL,NULL,NULL,NULL,NULL,NULL,NULL,NULL,NULL,NULL,NULL,NULL,NULL,NULL,NULL,NULL,NULL,NULL,NULL,NULL,NULL,'2023-01-24 17:47:57','2023-01-24 17:47:57',NULL),(6,NULL,NULL,NULL,NULL,NULL,NULL,NULL,NULL,NULL,NULL,NULL,NULL,NULL,NULL,NULL,NULL,NULL,NULL,NULL,NULL,NULL,NULL,NULL,NULL,NULL,NULL,NULL,NULL,NULL,NULL,NULL,NULL,NULL,NULL,NULL,NULL,NULL,NULL,NULL,NULL,NULL,NULL,NULL,NULL,NULL,NULL,NULL,NULL,NULL,NULL,NULL,NULL,NULL,NULL,NULL,NULL,NULL,NULL,NULL,NULL,NULL,NULL,'2023-01-24 17:48:34','2023-01-24 17:48:34',NULL),(7,NULL,NULL,NULL,NULL,NULL,NULL,NULL,NULL,NULL,NULL,NULL,NULL,NULL,NULL,NULL,NULL,NULL,NULL,NULL,NULL,NULL,NULL,NULL,NULL,NULL,NULL,NULL,NULL,NULL,NULL,NULL,NULL,NULL,NULL,NULL,NULL,NULL,NULL,NULL,NULL,NULL,NULL,NULL,NULL,NULL,NULL,NULL,NULL,NULL,NULL,NULL,NULL,NULL,NULL,NULL,NULL,NULL,NULL,NULL,NULL,NULL,NULL,'2023-01-24 17:51:38','2023-01-24 17:51:38',NULL),(8,NULL,NULL,NULL,NULL,NULL,NULL,NULL,NULL,NULL,NULL,NULL,NULL,NULL,NULL,NULL,NULL,NULL,NULL,NULL,NULL,NULL,NULL,NULL,NULL,NULL,NULL,NULL,NULL,NULL,NULL,NULL,NULL,NULL,NULL,NULL,NULL,NULL,NULL,NULL,NULL,NULL,NULL,NULL,NULL,NULL,NULL,NULL,NULL,NULL,NULL,NULL,NULL,NULL,NULL,NULL,NULL,NULL,NULL,NULL,NULL,NULL,NULL,'2023-01-24 17:52:50','2023-01-24 17:52:50',NULL),(9,NULL,NULL,NULL,NULL,NULL,NULL,NULL,NULL,NULL,NULL,NULL,NULL,NULL,NULL,NULL,NULL,NULL,NULL,NULL,NULL,NULL,NULL,NULL,NULL,NULL,NULL,NULL,NULL,NULL,NULL,NULL,NULL,NULL,NULL,NULL,NULL,NULL,NULL,NULL,NULL,NULL,NULL,NULL,NULL,NULL,NULL,NULL,NULL,NULL,NULL,NULL,NULL,NULL,NULL,NULL,NULL,NULL,NULL,NULL,NULL,NULL,NULL,'2023-01-24 17:53:41','2023-01-24 17:53:41',NULL),(10,'district ','matter_port ','type ','Malabe','https://www.w3schools.com/html/pic_trulli.jpg ','slider_1_atl ','https://www.w3schools.com/html/pic_trulli.jpg ','slider_2_atl','https://www.w3schools.com/html/pic_trulli.jpg ','slider_3_atl','https://www.w3schools.com/html/pic_trulli.jpg ','slider_4_atl','facilitfy_label','facilitfdy_title ','facilitfdy_description','facility_1','icon_1 ','facility_2 ','icon_2 ','facility_3','icon_fd3 ','facildfity_4','iconfd_4 ','facifdlity_5','icofdn_5 ','facility_6','icon_6 ','project_details_label ','project_dfdfetails_title ','Wadduwa',2,20,'Residential Development',160,360,'Philip Weeraratne Associates','Home Lands Pvt Ldt',NULL,'video_url ',NULL,'design_label ','design_title','design_description_1','https://www.w3schools.com/html/pic_trulli.jpg','design_image_1_alt ','design_image_1_title','https://www.w3schools.com/html/pic_trulli.jpg','design_image_2_alt','design_image_2_title','design_description_2','https://www.w3schools.com/html/pic_trulli.jpg','design_image_horizontal_alt','design_image_horizontal_title',NULL,'project_plan_label','project_plan_title','project_plan_description','https://www.w3schools.com/html/pic_trulli.jpg','project_plan_alt','faq_label','faq_title','faq_description','2023-01-24 17:54:44','2023-01-26 19:38:08','now-changed'),(11,'district ','matter_port ','type ','Malabe','https://www.w3schools.com/html/pic_trulli.jpg ','slider_1_atl ','https://www.w3schools.com/html/pic_trulli.jpg ','slider_2_atl','https://www.w3schools.com/html/pic_trulli.jpg ','slider_3_atl','https://www.w3schools.com/html/pic_trulli.jpg ','slider_4_atl','facilitfy_label','facilitfdy_title ','facilitfdy_description','facility_1','icon_1 ','facility_2 ','icon_2 ','facility_3','icon_fd3 ','facildfity_4','iconfd_4 ','facifdlity_5','icofdn_5 ','facility_6','icon_6 ','project_details_label ','project_dfdfetails_title ','Wadduwa',2,20,'Residential Development',160,360,'Philip Weeraratne Associates','Home Lands Pvt Ldt',NULL,'video_url ',NULL,'design_label ','design_title','design_description_1','https://www.w3schools.com/html/pic_trulli.jpg','design_image_1_alt ','design_image_1_title','https://www.w3schools.com/html/pic_trulli.jpg','design_image_2_alt','design_image_2_title','design_description_2','https://www.w3schools.com/html/pic_trulli.jpg','design_image_horizontal_alt','design_image_horizontal_title',NULL,'project_plan_label','project_plan_title','project_plan_description','https://www.w3schools.com/html/pic_trulli.jpg','project_plan_alt','faq_label','faq_title','faq_description','2023-01-24 17:56:16','2023-01-24 17:56:16','now-changed'),(12,'district ','matter_port ','type ','Malabe','https://www.w3schools.com/html/pic_trulli.jpg ','slider_1_atl ','https://www.w3schools.com/html/pic_trulli.jpg ','slider_2_atl','https://www.w3schools.com/html/pic_trulli.jpg ','slider_3_atl','https://www.w3schools.com/html/pic_trulli.jpg ','slider_4_atl','facilitfy_label','facilitfdy_title ','facilitfdy_description','facility_1','icon_1 ','facility_2 ','icon_2 ','facility_3','icon_fd3 ','facildfity_4','iconfd_4 ','facifdlity_5','icofdn_5 ','facility_6','icon_6 ','project_details_label ','project_dfdfetails_title ','Wadduwa',2,20,'Residential Development',160,360,'Philip Weeraratne Associates','Home Lands Pvt Ldt',NULL,'video_url ',NULL,'design_label ','design_title','design_description_1','https://www.w3schools.com/html/pic_trulli.jpg','design_image_1_alt ','design_image_1_title','https://www.w3schools.com/html/pic_trulli.jpg','design_image_2_alt','design_image_2_title','design_description_2','https://www.w3schools.com/html/pic_trulli.jpg','design_image_horizontal_alt','design_image_horizontal_title',NULL,'project_plan_label','project_plan_title','project_plan_description','https://www.w3schools.com/html/pic_trulli.jpg','project_plan_alt','faq_label','faq_title','faq_description','2023-01-24 17:57:19','2023-01-24 17:57:19','now-changed'),(13,'district ','matter_port ','type ','Malabe','https://www.w3schools.com/html/pic_trulli.jpg ','slider_1_atl ','https://www.w3schools.com/html/pic_trulli.jpg ','slider_2_atl','https://www.w3schools.com/html/pic_trulli.jpg ','slider_3_atl','https://www.w3schools.com/html/pic_trulli.jpg ','slider_4_atl','facilitfy_label','facilitfdy_title ','facilitfdy_description','facility_1','icon_1 ','facility_2 ','icon_2 ','facility_3','icon_fd3 ','facildfity_4','iconfd_4 ','facifdlity_5','icofdn_5 ','facility_6','icon_6 ','project_details_label ','project_dfdfetails_title ','Wadduwa',2,20,'Residential Development',160,360,'Philip Weeraratne Associates','Home Lands Pvt Ldt',NULL,'video_url ',NULL,'design_label ','design_title','design_description_1','https://www.w3schools.com/html/pic_trulli.jpg','design_image_1_alt ','design_image_1_title','https://www.w3schools.com/html/pic_trulli.jpg','design_image_2_alt','design_image_2_title','design_description_2','https://www.w3schools.com/html/pic_trulli.jpg','design_image_horizontal_alt','design_image_horizontal_title',NULL,'project_plan_label','project_plan_title','project_plan_description','https://www.w3schools.com/html/pic_trulli.jpg','project_plan_alt','faq_label','faq_title','faq_description','2023-01-24 17:58:33','2023-01-24 17:58:33','now-changed'),(14,'district ','matter_port ','type ','Malabe','https://www.w3schools.com/html/pic_trulli.jpg ','slider_1_atl ','https://www.w3schools.com/html/pic_trulli.jpg ','slider_2_atl','https://www.w3schools.com/html/pic_trulli.jpg ','slider_3_atl','https://www.w3schools.com/html/pic_trulli.jpg ','slider_4_atl','facilitfy_label','facilitfdy_title ','facilitfdy_description','facility_1','icon_1 ','facility_2 ','icon_2 ','facility_3','icon_fd3 ','facildfity_4','iconfd_4 ','facifdlity_5','icofdn_5 ','facility_6','icon_6 ','project_details_label ','project_dfdfetails_title ','Wadduwa',2,20,'Residential Development',160,360,'Philip Weeraratne Associates','Home Lands Pvt Ldt',NULL,'video_url ',NULL,'design_label ','design_title','design_description_1','https://www.w3schools.com/html/pic_trulli.jpg','design_image_1_alt ','design_image_1_title','https://www.w3schools.com/html/pic_trulli.jpg','design_image_2_alt','design_image_2_title','design_description_2','https://www.w3schools.com/html/pic_trulli.jpg','design_image_horizontal_alt','design_image_horizontal_title',NULL,'project_plan_label','project_plan_title','project_plan_description','https://www.w3schools.com/html/pic_trulli.jpg','project_plan_alt','faq_label','faq_title','faq_description','2023-01-24 18:00:58','2023-01-24 18:00:58','now-changed'),(15,'district ','matter_port ','type ','Malabe','https://www.w3schools.com/html/pic_trulli.jpg ','slider_1_atl ','https://www.w3schools.com/html/pic_trulli.jpg ','slider_2_atl','https://www.w3schools.com/html/pic_trulli.jpg ','slider_3_atl','https://www.w3schools.com/html/pic_trulli.jpg ','slider_4_atl','facilitfy_label','facilitfdy_title ','facilitfdy_description','facility_1','icon_1 ','facility_2 ','icon_2 ','facility_3','icon_fd3 ','facildfity_4','iconfd_4 ','facifdlity_5','icofdn_5 ','facility_6','icon_6 ','project_details_label ','project_dfdfetails_title ','Wadduwa',2,20,'Residential Development',160,360,'Philip Weeraratne Associates','Home Lands Pvt Ldt',NULL,'video_url ',NULL,'design_label ','design_title','design_description_1','https://www.w3schools.com/html/pic_trulli.jpg','design_image_1_alt ','design_image_1_title','https://www.w3schools.com/html/pic_trulli.jpg','design_image_2_alt','design_image_2_title','design_description_2','https://www.w3schools.com/html/pic_trulli.jpg','design_image_horizontal_alt','design_image_horizontal_title',NULL,'project_plan_label','project_plan_title','project_plan_description','https://www.w3schools.com/html/pic_trulli.jpg','project_plan_alt','faq_label','faq_title','faq_description','2023-01-24 18:01:58','2023-01-24 18:01:58','now-changed'),(16,'district ','matter_port ','type ','Malabe','https://www.w3schools.com/html/pic_trulli.jpg ','slider_1_atl ','https://www.w3schools.com/html/pic_trulli.jpg ','slider_2_atl','https://www.w3schools.com/html/pic_trulli.jpg ','slider_3_atl','https://www.w3schools.com/html/pic_trulli.jpg ','slider_4_atl','facilitfy_label','facilitfdy_title ','facilitfdy_description','facility_1','icon_1 ','facility_2 ','icon_2 ','facility_3','icon_fd3 ','facildfity_4','iconfd_4 ','facifdlity_5','icofdn_5 ','facility_6','icon_6 ','project_details_label ','project_dfdfetails_title ','Wadduwa',2,20,'Residential Development',160,360,'Philip Weeraratne Associates','Home Lands Pvt Ldt',NULL,'video_url ',NULL,'design_label ','design_title','design_description_1','https://www.w3schools.com/html/pic_trulli.jpg','design_image_1_alt ','design_image_1_title','https://www.w3schools.com/html/pic_trulli.jpg','design_image_2_alt','design_image_2_title','design_description_2','https://www.w3schools.com/html/pic_trulli.jpg','design_image_horizontal_alt','design_image_horizontal_title',NULL,'project_plan_label','project_plan_title','project_plan_description','https://www.w3schools.com/html/pic_trulli.jpg','project_plan_alt','faq_label','faq_title','faq_description','2023-01-24 18:02:32','2023-01-24 18:02:32','now-changed'),(17,'district ','matter_port ','type ','Malabe','https://www.w3schools.com/html/pic_trulli.jpg ','slider_1_atl ','https://www.w3schools.com/html/pic_trulli.jpg ','slider_2_atl','https://www.w3schools.com/html/pic_trulli.jpg ','slider_3_atl','https://www.w3schools.com/html/pic_trulli.jpg ','slider_4_atl','facilitfy_label','facilitfdy_title ','facilitfdy_description','facility_1','icon_1 ','facility_2 ','icon_2 ','facility_3','icon_fd3 ','facildfity_4','iconfd_4 ','facifdlity_5','icofdn_5 ','facility_6','icon_6 ','project_details_label ','project_dfdfetails_title ','Wadduwa',2,20,'Residential Development',160,360,'Philip Weeraratne Associates','Home Lands Pvt Ldt',NULL,'video_url ',NULL,'design_label ','design_title','design_description_1','https://www.w3schools.com/html/pic_trulli.jpg','design_image_1_alt ','design_image_1_title','https://www.w3schools.com/html/pic_trulli.jpg','design_image_2_alt','design_image_2_title','design_description_2','https://www.w3schools.com/html/pic_trulli.jpg','design_image_horizontal_alt','design_image_horizontal_title',NULL,'project_plan_label','project_plan_title','project_plan_description','https://www.w3schools.com/html/pic_trulli.jpg','project_plan_alt','faq_label','faq_title','faq_description','2023-01-24 18:03:27','2023-01-24 18:03:27','now-changed'),(18,'district ','matter_port ','type ','Malabe','https://www.w3schools.com/html/pic_trulli.jpg ','slider_1_atl ','https://www.w3schools.com/html/pic_trulli.jpg ','slider_2_atl','https://www.w3schools.com/html/pic_trulli.jpg ','slider_3_atl','https://www.w3schools.com/html/pic_trulli.jpg ','slider_4_atl','facilitfy_label','facilitfdy_title ','facilitfdy_description','facility_1','icon_1 ','facility_2 ','icon_2 ','facility_3','icon_fd3 ','facildfity_4','iconfd_4 ','facifdlity_5','icofdn_5 ','facility_6','icon_6 ','project_details_label ','project_dfdfetails_title ','Wadduwa',2,20,'Residential Development',160,360,'Philip Weeraratne Associates','Home Lands Pvt Ldt',NULL,'video_url ',NULL,'design_label ','design_title','design_description_1','https://www.w3schools.com/html/pic_trulli.jpg','design_image_1_alt ','design_image_1_title','https://www.w3schools.com/html/pic_trulli.jpg','design_image_2_alt','design_image_2_title','design_description_2','https://www.w3schools.com/html/pic_trulli.jpg','design_image_horizontal_alt','design_image_horizontal_title',NULL,'project_plan_label','project_plan_title','project_plan_description','https://www.w3schools.com/html/pic_trulli.jpg','project_plan_alt','faq_label','faq_title','faq_description','2023-01-24 18:04:47','2023-01-24 18:04:47','now-changed'),(19,'district ','matter_port ','type ','Malabe','https://www.w3schools.com/html/pic_trulli.jpg ','slider_1_atl ','https://www.w3schools.com/html/pic_trulli.jpg ','slider_2_atl','https://www.w3schools.com/html/pic_trulli.jpg ','slider_3_atl','https://www.w3schools.com/html/pic_trulli.jpg ','slider_4_atl','facilitfy_label','facilitfdy_title ','facilitfdy_description','facility_1','icon_1 ','facility_2 ','icon_2 ','facility_3','icon_fd3 ','facildfity_4','iconfd_4 ','facifdlity_5','icofdn_5 ','facility_6','icon_6 ','project_details_label ','project_dfdfetails_title ','Wadduwa',2,20,'Residential Development',160,360,'Philip Weeraratne Associates','Home Lands Pvt Ldt',NULL,'video_url ',NULL,'design_label ','design_title','design_description_1','https://www.w3schools.com/html/pic_trulli.jpg','design_image_1_alt ','design_image_1_title','https://www.w3schools.com/html/pic_trulli.jpg','design_image_2_alt','design_image_2_title','design_description_2','https://www.w3schools.com/html/pic_trulli.jpg','design_image_horizontal_alt','design_image_horizontal_title',NULL,'project_plan_label','project_plan_title','project_plan_description','https://www.w3schools.com/html/pic_trulli.jpg','project_plan_alt','faq_label','faq_title','faq_description','2023-01-24 18:08:25','2023-01-24 18:08:25','now-changed'),(20,'district ','matter_port ','type ','Malabe','https://www.w3schools.com/html/pic_trulli.jpg ','slider_1_atl ','https://www.w3schools.com/html/pic_trulli.jpg ','slider_2_atl','https://www.w3schools.com/html/pic_trulli.jpg ','slider_3_atl','https://www.w3schools.com/html/pic_trulli.jpg ','slider_4_atl','facilitfy_label','facilitfdy_title ','facilitfdy_description','facility_1','icon_1 ','facility_2 ','icon_2 ','facility_3','icon_fd3 ','facildfity_4','iconfd_4 ','facifdlity_5','icofdn_5 ','facility_6','icon_6 ','project_details_label ','project_dfdfetails_title ','Wadduwa',2,20,'Residential Development',160,360,'Philip Weeraratne Associates','Home Lands Pvt Ldt',NULL,'video_url ',NULL,'design_label ','design_title','design_description_1','https://www.w3schools.com/html/pic_trulli.jpg','design_image_1_alt ','design_image_1_title','https://www.w3schools.com/html/pic_trulli.jpg','design_image_2_alt','design_image_2_title','design_description_2','https://www.w3schools.com/html/pic_trulli.jpg','design_image_horizontal_alt','design_image_horizontal_title',NULL,'project_plan_label','project_plan_title','project_plan_description','https://www.w3schools.com/html/pic_trulli.jpg','project_plan_alt','faq_label','faq_title','faq_description','2023-01-24 18:09:12','2023-01-24 18:09:12','now-changed'),(21,'district ','matter_port ','type ','Malabe','https://www.w3schools.com/html/pic_trulli.jpg ','slider_1_atl ','https://www.w3schools.com/html/pic_trulli.jpg ','slider_2_atl','https://www.w3schools.com/html/pic_trulli.jpg ','slider_3_atl','https://www.w3schools.com/html/pic_trulli.jpg ','slider_4_atl','facilitfy_label','facilitfdy_title ','facilitfdy_description','facility_1','icon_1 ','facility_2 ','icon_2 ','facility_3','icon_fd3 ','facildfity_4','iconfd_4 ','facifdlity_5','icofdn_5 ','facility_6','icon_6 ','project_details_label ','project_dfdfetails_title ','Wadduwa',2,20,'Residential Development',160,360,'Philip Weeraratne Associates','Home Lands Pvt Ldt',NULL,'video_url ',NULL,'design_label ','design_title','design_description_1','https://www.w3schools.com/html/pic_trulli.jpg','design_image_1_alt ','design_image_1_title','https://www.w3schools.com/html/pic_trulli.jpg','design_image_2_alt','design_image_2_title','design_description_2','https://www.w3schools.com/html/pic_trulli.jpg','design_image_horizontal_alt','design_image_horizontal_title',NULL,'project_plan_label','project_plan_title','project_plan_description','https://www.w3schools.com/html/pic_trulli.jpg','project_plan_alt','faq_label','faq_title','faq_description','2023-01-24 18:10:35','2023-01-24 18:10:35','now-changed'),(22,'district ','matter_port ','type ','Malabe','https://www.w3schools.com/html/pic_trulli.jpg ','slider_1_atl ','https://www.w3schools.com/html/pic_trulli.jpg ','slider_2_atl','https://www.w3schools.com/html/pic_trulli.jpg ','slider_3_atl','https://www.w3schools.com/html/pic_trulli.jpg ','slider_4_atl','facilitfy_label','facilitfdy_title ','facilitfdy_description','facility_1','icon_1 ','facility_2 ','icon_2 ','facility_3','icon_fd3 ','facildfity_4','iconfd_4 ','facifdlity_5','icofdn_5 ','facility_6','icon_6 ','project_details_label ','project_dfdfetails_title ','Wadduwa',2,20,'Residential Development',160,360,'Philip Weeraratne Associates','Home Lands Pvt Ldt',NULL,'video_url ',NULL,'design_label ','design_title','design_description_1','https://www.w3schools.com/html/pic_trulli.jpg','design_image_1_alt ','design_image_1_title','https://www.w3schools.com/html/pic_trulli.jpg','design_image_2_alt','design_image_2_title','design_description_2','https://www.w3schools.com/html/pic_trulli.jpg','design_image_horizontal_alt','design_image_horizontal_title',NULL,'project_plan_label','project_plan_title','project_plan_description','https://www.w3schools.com/html/pic_trulli.jpg','project_plan_alt','faq_label','faq_title','faq_description','2023-01-24 18:11:14','2023-01-24 18:11:14','now-changed'),(23,'district ','matter_port ','type ','Malabe','https://www.w3schools.com/html/pic_trulli.jpg ','slider_1_atl ','https://www.w3schools.com/html/pic_trulli.jpg ','slider_2_atl','https://www.w3schools.com/html/pic_trulli.jpg ','slider_3_atl','https://www.w3schools.com/html/pic_trulli.jpg ','slider_4_atl','facilitfy_label','facilitfdy_title ','facilitfdy_description','facility_1','icon_1 ','facility_2 ','icon_2 ','facility_3','icon_fd3 ','facildfity_4','iconfd_4 ','facifdlity_5','icofdn_5 ','facility_6','icon_6 ','project_details_label ','project_dfdfetails_title ','Wadduwa',2,20,'Residential Development',160,360,'Philip Weeraratne Associates','Home Lands Pvt Ldt',NULL,'video_url ',NULL,'design_label ','design_title','design_description_1','https://www.w3schools.com/html/pic_trulli.jpg','design_image_1_alt ','design_image_1_title','https://www.w3schools.com/html/pic_trulli.jpg','design_image_2_alt','design_image_2_title','design_description_2','https://www.w3schools.com/html/pic_trulli.jpg','design_image_horizontal_alt','design_image_horizontal_title',NULL,'project_plan_label','project_plan_title','project_plan_description','https://www.w3schools.com/html/pic_trulli.jpg','project_plan_alt','faq_label','faq_title','faq_description','2023-01-24 18:15:24','2023-01-24 18:15:24','now-changed'),(24,'district ','matter_port ','type ','Malabe','https://www.w3schools.com/html/pic_trulli.jpg ','slider_1_atl ','https://www.w3schools.com/html/pic_trulli.jpg ','slider_2_atl','https://www.w3schools.com/html/pic_trulli.jpg ','slider_3_atl','https://www.w3schools.com/html/pic_trulli.jpg ','slider_4_atl','facilitfy_label','facilitfdy_title ','facilitfdy_description','facility_1','icon_1 ','facility_2 ','icon_2 ','facility_3','icon_fd3 ','facildfity_4','iconfd_4 ','facifdlity_5','icofdn_5 ','facility_6','icon_6 ','project_details_label ','project_dfdfetails_title ','Wadduwa',2,20,'Residential Development',160,360,'Philip Weeraratne Associates','Home Lands Pvt Ldt',NULL,'video_url ',NULL,'design_label ','design_title','design_description_1','https://www.w3schools.com/html/pic_trulli.jpg','design_image_1_alt ','design_image_1_title','https://www.w3schools.com/html/pic_trulli.jpg','design_image_2_alt','design_image_2_title','design_description_2','https://www.w3schools.com/html/pic_trulli.jpg','design_image_horizontal_alt','design_image_horizontal_title',NULL,'project_plan_label','project_plan_title','project_plan_description','https://www.w3schools.com/html/pic_trulli.jpg','project_plan_alt','faq_label','faq_title','faq_description','2023-01-24 18:16:29','2023-01-24 18:16:29','now-changed'),(25,'district ','matter_port ','Housing','Malabe','https://www.w3schools.com/html/pic_trulli.jpg ','slider_1_atl ','https://www.w3schools.com/html/pic_trulli.jpg ','slider_2_atl','https://www.w3schools.com/html/pic_trulli.jpg ','slider_3_atl','https://www.w3schools.com/html/pic_trulli.jpg ','slider_4_atl','facilitfy_label','facilitfdy_title ','facilitfdy_description','facility_1','icon_1 ','facility_2 ','icon_2 ','facility_3','icon_fd3 ','facildfity_4','iconfd_4 ','facifdlity_5','icofdn_5 ','facility_6','icon_6 ','project_details_label ','project_dfdfetails_title ','Wadduwa',2,20,'Residential Development',160,360,'Philip Weeraratne Associates','Home Lands Pvt Ldt',NULL,'video_url ',NULL,'design_label ','design_title','design_description_1','https://www.w3schools.com/html/pic_trulli.jpg','design_image_1_alt ','design_image_1_title','https://www.w3schools.com/html/pic_trulli.jpg','design_image_2_alt','design_image_2_title','design_description_2','https://www.w3schools.com/html/pic_trulli.jpg','design_image_horizontal_alt','design_image_horizontal_title',NULL,'project_plan_label','project_plan_title','project_plan_description','https://www.w3schools.com/html/pic_trulli.jpg','project_plan_alt','faq_label','faq_title','faq_description','2023-01-25 15:43:04','2023-01-25 15:43:04','now-changed'),(26,'district ','matter_port ','Apartment','Malabe','https://www.w3schools.com/html/pic_trulli.jpg ','slider_1_atl ','https://www.w3schools.com/html/pic_trulli.jpg ','slider_2_atl','https://www.w3schools.com/html/pic_trulli.jpg ','slider_3_atl','https://www.w3schools.com/html/pic_trulli.jpg ','slider_4_atl','facilitfy_label','facilitfdy_title ','facilitfdy_description','facility_1','icon_1 ','facility_2 ','icon_2 ','facility_3','icon_fd3 ','facildfity_4','iconfd_4 ','facifdlity_5','icofdn_5 ','facility_6','icon_6 ','project_details_label ','project_dfdfetails_title ','Wadduwa',2,20,'Residential Development',160,360,'Philip Weeraratne Associates','Home Lands Pvt Ldt',NULL,'video_url ',NULL,'design_label ','design_title','design_description_1','https://www.w3schools.com/html/pic_trulli.jpg','design_image_1_alt ','design_image_1_title','https://www.w3schools.com/html/pic_trulli.jpg','design_image_2_alt','design_image_2_title','design_description_2','https://www.w3schools.com/html/pic_trulli.jpg','design_image_horizontal_alt','design_image_horizontal_title',NULL,'project_plan_label','project_plan_title','project_plan_description','https://www.w3schools.com/html/pic_trulli.jpg','project_plan_alt','faq_label','faq_title','faq_description','2023-01-25 15:48:42','2023-01-25 15:48:42','now-changed'),(27,'district ','matter_port ','type ','Malabe','https://www.w3schools.com/html/pic_trulli.jpg ','slider_1_atl ','https://www.w3schools.com/html/pic_trulli.jpg ','slider_2_atl','https://www.w3schools.com/html/pic_trulli.jpg ','slider_3_atl','https://www.w3schools.com/html/pic_trulli.jpg ','slider_4_atl','facilitfy_label','facilitfdy_title ','facilitfdy_description','facility_1','icon_1 ','facility_2 ','icon_2 ','facility_3','icon_fd3 ','facildfity_4','iconfd_4 ','facifdlity_5','icofdn_5 ','facility_6','icon_6 ','project_details_label ','project_dfdfetails_title ','Wadduwa',2,20,'Residential Development',160,360,'Philip Weeraratne Associates','Home Lands Pvt Ldt',NULL,'video_url ',NULL,'design_label ','design_title','design_description_1','https://www.w3schools.com/html/pic_trulli.jpg','design_image_1_alt ','design_image_1_title','https://www.w3schools.com/html/pic_trulli.jpg','design_image_2_alt','design_image_2_title','design_description_2','https://www.w3schools.com/html/pic_trulli.jpg','design_image_horizontal_alt','design_image_horizontal_title',NULL,'project_plan_label','project_plan_title','project_plan_description','https://www.w3schools.com/html/pic_trulli.jpg','project_plan_alt','faq_label','faq_title','faq_description','2023-01-26 19:39:50','2023-01-26 19:39:50','now-changed');
/*!40000 ALTER TABLE `project` ENABLE KEYS */;
UNLOCK TABLES;

--
-- Table structure for table `project_unit`
--

DROP TABLE IF EXISTS `project_unit`;
/*!40101 SET @saved_cs_client     = @@character_set_client */;
/*!50503 SET character_set_client = utf8mb4 */;
CREATE TABLE `project_unit` (
  `project_unit_id` int NOT NULL AUTO_INCREMENT,
  `type` varchar(255) DEFAULT NULL,
  `name` varchar(255) DEFAULT NULL,
  `image` varchar(255) DEFAULT NULL,
  `alt` varchar(255) DEFAULT NULL,
  `beds` int DEFAULT NULL,
  `baths` int DEFAULT NULL,
  `floor_area` int DEFAULT NULL,
  `floors_zones` int DEFAULT NULL,
  `price` int DEFAULT NULL,
  `plan` varchar(255) DEFAULT NULL,
  `project_id` int DEFAULT NULL,
  `createdAt` datetime DEFAULT NULL,
  `updatedAt` datetime DEFAULT NULL,
  PRIMARY KEY (`project_unit_id`)
) ENGINE=InnoDB AUTO_INCREMENT=73 DEFAULT CHARSET=utf8mb4 COLLATE=utf8mb4_0900_ai_ci;
/*!40101 SET character_set_client = @saved_cs_client */;

--
-- Dumping data for table `project_unit`
--

LOCK TABLES `project_unit` WRITE;
/*!40000 ALTER TABLE `project_unit` DISABLE KEYS */;
INSERT INTO `project_unit` VALUES (1,'type 1','name 1','https://www.google.com/images/branding/googlelogo/1x/googlelogo_color_272x92dp.png','alt',3,10,654,3,2300000,'http://localhost:3000/project',1,NULL,NULL),(2,'type 2','name 2','https://media.licdn.com/dms/image/C5616AQHu2s5CjWyyTQ/profile-displaybackgroundimage-shrink_350_1400/0/1640621223062?e=1679529600&v=beta&t=W6RlrP72BsQFN5lBE8dpSQhlNK6_loDDs6PwJbwuE7s','alt',4,10,12,5,15000,'Plan 2',1,NULL,NULL),(3,'type 3','name 3','https://www.google.com/images/branding/googlelogo/1x/googlelogo_color_272x92dp.png','alt',5,20,15,5,16000,'Plan 3',1,NULL,NULL),(4,'type 1','name 1','https://www.google.com/images/branding/googlelogo/1x/googlelogo_color_272x92dp.png','alt',3,10,654,3,2300000,'http://localhost:3000/project',5,'2023-01-24 17:47:57','2023-01-24 17:47:57'),(5,'type 2','name 2','https://media.licdn.com/dms/image/C5616AQHu2s5CjWyyTQ/profile-displaybackgroundimage-shrink_350_1400/0/1640621223062?e=1679529600&v=beta&t=W6RlrP72BsQFN5lBE8dpSQhlNK6_loDDs6PwJbwuE7s','alt',4,10,12,5,15000,'Plan 2',5,'2023-01-24 17:47:57','2023-01-24 17:47:57'),(6,'type 3','name 3','https://www.google.com/images/branding/googlelogo/1x/googlelogo_color_272x92dp.png','alt',5,20,15,5,16000,'Plan 3',5,'2023-01-24 17:47:57','2023-01-24 17:47:57'),(7,'type 1','name 1','https://www.google.com/images/branding/googlelogo/1x/googlelogo_color_272x92dp.png','alt',3,10,654,3,2300000,'http://localhost:3000/project',6,'2023-01-24 17:48:34','2023-01-24 17:48:34'),(8,'type 2','name 2','https://media.licdn.com/dms/image/C5616AQHu2s5CjWyyTQ/profile-displaybackgroundimage-shrink_350_1400/0/1640621223062?e=1679529600&v=beta&t=W6RlrP72BsQFN5lBE8dpSQhlNK6_loDDs6PwJbwuE7s','alt',4,10,12,5,15000,'Plan 2',6,'2023-01-24 17:48:34','2023-01-24 17:48:34'),(9,'type 3','name 3','https://www.google.com/images/branding/googlelogo/1x/googlelogo_color_272x92dp.png','alt',5,20,15,5,16000,'Plan 3',6,'2023-01-24 17:48:34','2023-01-24 17:48:34'),(10,'type 1','name 1','https://www.google.com/images/branding/googlelogo/1x/googlelogo_color_272x92dp.png','alt',3,10,654,3,2300000,'http://localhost:3000/project',7,'2023-01-24 17:51:38','2023-01-24 17:51:38'),(11,'type 2','name 2','https://media.licdn.com/dms/image/C5616AQHu2s5CjWyyTQ/profile-displaybackgroundimage-shrink_350_1400/0/1640621223062?e=1679529600&v=beta&t=W6RlrP72BsQFN5lBE8dpSQhlNK6_loDDs6PwJbwuE7s','alt',4,10,12,5,15000,'Plan 2',7,'2023-01-24 17:51:38','2023-01-24 17:51:38'),(12,'type 3','name 3','https://www.google.com/images/branding/googlelogo/1x/googlelogo_color_272x92dp.png','alt',5,20,15,5,16000,'Plan 3',7,'2023-01-24 17:51:38','2023-01-24 17:51:38'),(13,'type 1','name 1','https://www.google.com/images/branding/googlelogo/1x/googlelogo_color_272x92dp.png','alt',3,10,654,3,2300000,'http://localhost:3000/project',8,'2023-01-24 17:52:51','2023-01-24 17:52:51'),(14,'type 2','name 2','https://media.licdn.com/dms/image/C5616AQHu2s5CjWyyTQ/profile-displaybackgroundimage-shrink_350_1400/0/1640621223062?e=1679529600&v=beta&t=W6RlrP72BsQFN5lBE8dpSQhlNK6_loDDs6PwJbwuE7s','alt',4,10,12,5,15000,'Plan 2',8,'2023-01-24 17:52:51','2023-01-24 17:52:51'),(15,'type 3','name 3','https://www.google.com/images/branding/googlelogo/1x/googlelogo_color_272x92dp.png','alt',5,20,15,5,16000,'Plan 3',8,'2023-01-24 17:52:51','2023-01-24 17:52:51'),(16,'type 1','name 1','https://www.google.com/images/branding/googlelogo/1x/googlelogo_color_272x92dp.png','alt',3,10,654,3,2300000,'http://localhost:3000/project',9,'2023-01-24 17:53:41','2023-01-24 17:53:41'),(17,'type 2','name 2','https://media.licdn.com/dms/image/C5616AQHu2s5CjWyyTQ/profile-displaybackgroundimage-shrink_350_1400/0/1640621223062?e=1679529600&v=beta&t=W6RlrP72BsQFN5lBE8dpSQhlNK6_loDDs6PwJbwuE7s','alt',4,10,12,5,15000,'Plan 2',9,'2023-01-24 17:53:41','2023-01-24 17:53:41'),(18,'type 3','name 3','https://www.google.com/images/branding/googlelogo/1x/googlelogo_color_272x92dp.png','alt',5,20,15,5,16000,'Plan 3',9,'2023-01-24 17:53:41','2023-01-24 17:53:41'),(22,'type 1','name 1','https://www.google.com/images/branding/googlelogo/1x/googlelogo_color_272x92dp.png','alt',3,10,654,3,2300000,'http://localhost:3000/project',11,'2023-01-24 17:56:17','2023-01-24 17:56:17'),(23,'type 2','name 2','https://media.licdn.com/dms/image/C5616AQHu2s5CjWyyTQ/profile-displaybackgroundimage-shrink_350_1400/0/1640621223062?e=1679529600&v=beta&t=W6RlrP72BsQFN5lBE8dpSQhlNK6_loDDs6PwJbwuE7s','alt',4,10,12,5,15000,'Plan 2',11,'2023-01-24 17:56:17','2023-01-24 17:56:17'),(24,'type 3','name 3','https://www.google.com/images/branding/googlelogo/1x/googlelogo_color_272x92dp.png','alt',5,20,15,5,16000,'Plan 3',11,'2023-01-24 17:56:17','2023-01-24 17:56:17'),(25,'type 1','name 1','https://www.google.com/images/branding/googlelogo/1x/googlelogo_color_272x92dp.png','alt',3,10,654,3,2300000,'http://localhost:3000/project',12,'2023-01-24 17:57:20','2023-01-24 17:57:20'),(26,'type 2','name 2','https://media.licdn.com/dms/image/C5616AQHu2s5CjWyyTQ/profile-displaybackgroundimage-shrink_350_1400/0/1640621223062?e=1679529600&v=beta&t=W6RlrP72BsQFN5lBE8dpSQhlNK6_loDDs6PwJbwuE7s','alt',4,10,12,5,15000,'Plan 2',12,'2023-01-24 17:57:20','2023-01-24 17:57:20'),(27,'type 3','name 3','https://www.google.com/images/branding/googlelogo/1x/googlelogo_color_272x92dp.png','alt',5,20,15,5,16000,'Plan 3',12,'2023-01-24 17:57:20','2023-01-24 17:57:20'),(28,'type 1','name 1','https://www.google.com/images/branding/googlelogo/1x/googlelogo_color_272x92dp.png','alt',3,10,654,3,2300000,'http://localhost:3000/project',13,'2023-01-24 17:58:34','2023-01-24 17:58:34'),(29,'type 2','name 2','https://media.licdn.com/dms/image/C5616AQHu2s5CjWyyTQ/profile-displaybackgroundimage-shrink_350_1400/0/1640621223062?e=1679529600&v=beta&t=W6RlrP72BsQFN5lBE8dpSQhlNK6_loDDs6PwJbwuE7s','alt',4,10,12,5,15000,'Plan 2',13,'2023-01-24 17:58:34','2023-01-24 17:58:34'),(30,'type 3','name 3','https://www.google.com/images/branding/googlelogo/1x/googlelogo_color_272x92dp.png','alt',5,20,15,5,16000,'Plan 3',13,'2023-01-24 17:58:34','2023-01-24 17:58:34'),(31,'type 1','name 1','https://www.google.com/images/branding/googlelogo/1x/googlelogo_color_272x92dp.png','alt',3,10,654,3,2300000,'http://localhost:3000/project',15,'2023-01-24 18:01:58','2023-01-24 18:01:58'),(32,'type 2','name 2','https://media.licdn.com/dms/image/C5616AQHu2s5CjWyyTQ/profile-displaybackgroundimage-shrink_350_1400/0/1640621223062?e=1679529600&v=beta&t=W6RlrP72BsQFN5lBE8dpSQhlNK6_loDDs6PwJbwuE7s','alt',4,10,12,5,15000,'Plan 2',15,'2023-01-24 18:01:58','2023-01-24 18:01:58'),(33,'type 3','name 3','https://www.google.com/images/branding/googlelogo/1x/googlelogo_color_272x92dp.png','alt',5,20,15,5,16000,'Plan 3',15,'2023-01-24 18:01:58','2023-01-24 18:01:58'),(34,'type 1','name 1','https://www.google.com/images/branding/googlelogo/1x/googlelogo_color_272x92dp.png','alt',3,10,654,3,2300000,'http://localhost:3000/project',16,'2023-01-24 18:02:32','2023-01-24 18:02:32'),(35,'type 2','name 2','https://media.licdn.com/dms/image/C5616AQHu2s5CjWyyTQ/profile-displaybackgroundimage-shrink_350_1400/0/1640621223062?e=1679529600&v=beta&t=W6RlrP72BsQFN5lBE8dpSQhlNK6_loDDs6PwJbwuE7s','alt',4,10,12,5,15000,'Plan 2',16,'2023-01-24 18:02:32','2023-01-24 18:02:32'),(36,'type 3','name 3','https://www.google.com/images/branding/googlelogo/1x/googlelogo_color_272x92dp.png','alt',5,20,15,5,16000,'Plan 3',16,'2023-01-24 18:02:32','2023-01-24 18:02:32'),(37,'type 1','name 1','https://www.google.com/images/branding/googlelogo/1x/googlelogo_color_272x92dp.png','alt',3,10,654,3,2300000,'http://localhost:3000/project',17,'2023-01-24 18:03:27','2023-01-24 18:03:27'),(38,'type 2','name 2','https://media.licdn.com/dms/image/C5616AQHu2s5CjWyyTQ/profile-displaybackgroundimage-shrink_350_1400/0/1640621223062?e=1679529600&v=beta&t=W6RlrP72BsQFN5lBE8dpSQhlNK6_loDDs6PwJbwuE7s','alt',4,10,12,5,15000,'Plan 2',17,'2023-01-24 18:03:27','2023-01-24 18:03:27'),(39,'type 3','name 3','https://www.google.com/images/branding/googlelogo/1x/googlelogo_color_272x92dp.png','alt',5,20,15,5,16000,'Plan 3',17,'2023-01-24 18:03:27','2023-01-24 18:03:27'),(40,'type 1','name 1','https://www.google.com/images/branding/googlelogo/1x/googlelogo_color_272x92dp.png','alt',3,10,654,3,2300000,'http://localhost:3000/project',18,'2023-01-24 18:04:47','2023-01-24 18:04:47'),(41,'type 3','name 3','https://www.google.com/images/branding/googlelogo/1x/googlelogo_color_272x92dp.png','alt',5,20,15,5,16000,'Plan 3',18,'2023-01-24 18:04:47','2023-01-24 18:04:47'),(42,'type 2','name 2','https://media.licdn.com/dms/image/C5616AQHu2s5CjWyyTQ/profile-displaybackgroundimage-shrink_350_1400/0/1640621223062?e=1679529600&v=beta&t=W6RlrP72BsQFN5lBE8dpSQhlNK6_loDDs6PwJbwuE7s','alt',4,10,12,5,15000,'Plan 2',18,'2023-01-24 18:04:47','2023-01-24 18:04:47'),(43,'type 1','name 1','https://www.google.com/images/branding/googlelogo/1x/googlelogo_color_272x92dp.png','alt',3,10,654,3,2300000,'http://localhost:3000/project',19,'2023-01-24 18:08:25','2023-01-24 18:08:25'),(44,'type 2','name 2','https://media.licdn.com/dms/image/C5616AQHu2s5CjWyyTQ/profile-displaybackgroundimage-shrink_350_1400/0/1640621223062?e=1679529600&v=beta&t=W6RlrP72BsQFN5lBE8dpSQhlNK6_loDDs6PwJbwuE7s','alt',4,10,12,5,15000,'Plan 2',19,'2023-01-24 18:08:25','2023-01-24 18:08:25'),(45,'type 3','name 3','https://www.google.com/images/branding/googlelogo/1x/googlelogo_color_272x92dp.png','alt',5,20,15,5,16000,'Plan 3',19,'2023-01-24 18:08:25','2023-01-24 18:08:25'),(46,'type 1','name 1','https://www.google.com/images/branding/googlelogo/1x/googlelogo_color_272x92dp.png','alt',3,10,654,3,2300000,'http://localhost:3000/project',20,'2023-01-24 18:09:12','2023-01-24 18:09:12'),(47,'type 2','name 2','https://media.licdn.com/dms/image/C5616AQHu2s5CjWyyTQ/profile-displaybackgroundimage-shrink_350_1400/0/1640621223062?e=1679529600&v=beta&t=W6RlrP72BsQFN5lBE8dpSQhlNK6_loDDs6PwJbwuE7s','alt',4,10,12,5,15000,'Plan 2',20,'2023-01-24 18:09:12','2023-01-24 18:09:12'),(48,'type 3','name 3','https://www.google.com/images/branding/googlelogo/1x/googlelogo_color_272x92dp.png','alt',5,20,15,5,16000,'Plan 3',20,'2023-01-24 18:09:12','2023-01-24 18:09:12'),(49,'type 1','name 1','https://www.google.com/images/branding/googlelogo/1x/googlelogo_color_272x92dp.png','alt',3,10,654,3,2300000,'http://localhost:3000/project',21,'2023-01-24 18:10:36','2023-01-24 18:10:36'),(50,'type 3','name 3','https://www.google.com/images/branding/googlelogo/1x/googlelogo_color_272x92dp.png','alt',5,20,15,5,16000,'Plan 3',21,'2023-01-24 18:10:36','2023-01-24 18:10:36'),(51,'type 2','name 2','https://media.licdn.com/dms/image/C5616AQHu2s5CjWyyTQ/profile-displaybackgroundimage-shrink_350_1400/0/1640621223062?e=1679529600&v=beta&t=W6RlrP72BsQFN5lBE8dpSQhlNK6_loDDs6PwJbwuE7s','alt',4,10,12,5,15000,'Plan 2',21,'2023-01-24 18:10:36','2023-01-24 18:10:36'),(52,'type 1','name 1','https://www.google.com/images/branding/googlelogo/1x/googlelogo_color_272x92dp.png','alt',3,10,654,3,2300000,'http://localhost:3000/project',22,'2023-01-24 18:11:14','2023-01-24 18:11:14'),(53,'type 2','name 2','https://media.licdn.com/dms/image/C5616AQHu2s5CjWyyTQ/profile-displaybackgroundimage-shrink_350_1400/0/1640621223062?e=1679529600&v=beta&t=W6RlrP72BsQFN5lBE8dpSQhlNK6_loDDs6PwJbwuE7s','alt',4,10,12,5,15000,'Plan 2',22,'2023-01-24 18:11:14','2023-01-24 18:11:14'),(54,'type 3','name 3','https://www.google.com/images/branding/googlelogo/1x/googlelogo_color_272x92dp.png','alt',5,20,15,5,16000,'Plan 3',22,'2023-01-24 18:11:14','2023-01-24 18:11:14'),(55,'type 1','name 1','https://www.google.com/images/branding/googlelogo/1x/googlelogo_color_272x92dp.png','alt',3,10,654,3,2300000,'http://localhost:3000/project',23,'2023-01-24 18:15:24','2023-01-24 18:15:24'),(56,'type 2','name 2','https://media.licdn.com/dms/image/C5616AQHu2s5CjWyyTQ/profile-displaybackgroundimage-shrink_350_1400/0/1640621223062?e=1679529600&v=beta&t=W6RlrP72BsQFN5lBE8dpSQhlNK6_loDDs6PwJbwuE7s','alt',4,10,12,5,15000,'Plan 2',23,'2023-01-24 18:15:24','2023-01-24 18:15:24'),(57,'type 3','name 3','https://www.google.com/images/branding/googlelogo/1x/googlelogo_color_272x92dp.png','alt',5,20,15,5,16000,'Plan 3',23,'2023-01-24 18:15:24','2023-01-24 18:15:24'),(58,'type 1','name 1','https://www.google.com/images/branding/googlelogo/1x/googlelogo_color_272x92dp.png','alt',3,10,654,3,2300000,'http://localhost:3000/project',24,'2023-01-24 18:16:29','2023-01-24 18:16:29'),(59,'type 3','name 3','https://www.google.com/images/branding/googlelogo/1x/googlelogo_color_272x92dp.png','alt',5,20,15,5,16000,'Plan 3',24,'2023-01-24 18:16:29','2023-01-24 18:16:29'),(60,'type 2','name 2','https://media.licdn.com/dms/image/C5616AQHu2s5CjWyyTQ/profile-displaybackgroundimage-shrink_350_1400/0/1640621223062?e=1679529600&v=beta&t=W6RlrP72BsQFN5lBE8dpSQhlNK6_loDDs6PwJbwuE7s','alt',4,10,12,5,15000,'Plan 2',24,'2023-01-24 18:16:29','2023-01-24 18:16:29'),(61,'type 1','name 1','https://www.google.com/images/branding/googlelogo/1x/googlelogo_color_272x92dp.png','alt',3,10,654,3,2300000,'http://localhost:3000/project',25,'2023-01-25 15:43:04','2023-01-25 15:43:04'),(62,'type 2','name 2','https://media.licdn.com/dms/image/C5616AQHu2s5CjWyyTQ/profile-displaybackgroundimage-shrink_350_1400/0/1640621223062?e=1679529600&v=beta&t=W6RlrP72BsQFN5lBE8dpSQhlNK6_loDDs6PwJbwuE7s','alt',4,10,12,5,15000,'Plan 2',25,'2023-01-25 15:43:04','2023-01-25 15:43:04'),(63,'type 3','name 3','https://www.google.com/images/branding/googlelogo/1x/googlelogo_color_272x92dp.png','alt',5,20,15,5,16000,'Plan 3',25,'2023-01-25 15:43:04','2023-01-25 15:43:04'),(64,'type 1','name 1','https://www.google.com/images/branding/googlelogo/1x/googlelogo_color_272x92dp.png','alt',3,10,654,3,2300000,'http://localhost:3000/project',26,'2023-01-25 15:48:42','2023-01-25 15:48:42'),(65,'type 2','name 2','https://media.licdn.com/dms/image/C5616AQHu2s5CjWyyTQ/profile-displaybackgroundimage-shrink_350_1400/0/1640621223062?e=1679529600&v=beta&t=W6RlrP72BsQFN5lBE8dpSQhlNK6_loDDs6PwJbwuE7s','alt',4,10,12,5,15000,'Plan 2',26,'2023-01-25 15:48:42','2023-01-25 15:48:42'),(66,'type 3','name 3','https://www.google.com/images/branding/googlelogo/1x/googlelogo_color_272x92dp.png','alt',5,20,15,5,16000,'Plan 3',26,'2023-01-25 15:48:42','2023-01-25 15:48:42'),(67,'type 2','name 2','https://media.licdn.com/dms/image/C5616AQHu2s5CjWyyTQ/profile-displaybackgroundimage-shrink_350_1400/0/1640621223062?e=1679529600&v=beta&t=W6RlrP72BsQFN5lBE8dpSQhlNK6_loDDs6PwJbwuE7s','alt',4,10,12,5,15000,'Plan 2',10,'2023-01-26 19:38:09','2023-01-26 19:38:09'),(68,'type 1','name 1','https://www.google.com/images/branding/googlelogo/1x/googlelogo_color_272x92dp.png','alt',3,10,654,3,2300000,'http://localhost:3000/project',10,'2023-01-26 19:38:09','2023-01-26 19:38:09'),(69,'type 3','name 3','https://www.google.com/images/branding/googlelogo/1x/googlelogo_color_272x92dp.png','alt',5,20,15,5,16000,'Plan 3',10,'2023-01-26 19:38:09','2023-01-26 19:38:09'),(70,'type 1','name 1','https://www.google.com/images/branding/googlelogo/1x/googlelogo_color_272x92dp.png','alt',3,10,654,3,2300000,'http://localhost:3000/project',27,'2023-01-26 19:39:50','2023-01-26 19:39:50'),(71,'type 2','name 2','https://media.licdn.com/dms/image/C5616AQHu2s5CjWyyTQ/profile-displaybackgroundimage-shrink_350_1400/0/1640621223062?e=1679529600&v=beta&t=W6RlrP72BsQFN5lBE8dpSQhlNK6_loDDs6PwJbwuE7s','alt',4,10,12,5,15000,'Plan 2',27,'2023-01-26 19:39:50','2023-01-26 19:39:50'),(72,'type 3','name 3','https://www.google.com/images/branding/googlelogo/1x/googlelogo_color_272x92dp.png','alt',5,20,15,5,16000,'Plan 3',27,'2023-01-26 19:39:50','2023-01-26 19:39:50');
/*!40000 ALTER TABLE `project_unit` ENABLE KEYS */;
UNLOCK TABLES;

--
-- Table structure for table `property`
--

DROP TABLE IF EXISTS `property`;
/*!40101 SET @saved_cs_client     = @@character_set_client */;
/*!50503 SET character_set_client = utf8mb4 */;
CREATE TABLE `property` (
  `property_id` int NOT NULL AUTO_INCREMENT,
  `property_label` varchar(255) DEFAULT NULL,
  `property_title` varchar(255) DEFAULT NULL,
  `property_image` varchar(512) DEFAULT NULL,
  `property_image_alt` varchar(255) DEFAULT NULL,
  `property_brochure` text,
  `property_brochure_alt` varchar(255) DEFAULT NULL,
  `property_description` text,
  `property_spec_label` varchar(255) DEFAULT NULL,
  `property_spec_title` varchar(255) DEFAULT NULL,
  `property_spec_details_spec_1_title` varchar(255) DEFAULT NULL,
  `property_spec_details_spec_1_details` varchar(255) DEFAULT NULL,
  `property_spec_details_spec_2_title` varchar(255) DEFAULT NULL,
  `property_spec_details_spec_2_details` text,
  `property_spec_details_spec_3_title` varchar(255) DEFAULT NULL,
  `property_spec_details_spec_3_details` text,
  `property_spec_details_spec_4_title` varchar(255) DEFAULT NULL,
  `property_spec_details_spec_4_details` text,
  `property_spec_slider_image_1` varchar(512) DEFAULT NULL,
  `property_spec_slider_image_1_alt` varchar(255) DEFAULT NULL,
  `property_spec_slider_image_2` varchar(512) DEFAULT NULL,
  `property_spec_slider_image_2_alt` varchar(255) DEFAULT NULL,
  `property_spec_slider_image_3` varchar(512) DEFAULT NULL,
  `property_spec_slider_image_3_alt` varchar(255) DEFAULT NULL,
  `property_spec_slider_image_4` varchar(512) DEFAULT NULL,
  `property_spec_slider_image_4_alt` varchar(255) DEFAULT NULL,
  `project_id` int DEFAULT NULL,
  `createdAt` datetime DEFAULT NULL,
  `updatedAt` datetime DEFAULT NULL,
  PRIMARY KEY (`property_id`)
) ENGINE=InnoDB AUTO_INCREMENT=26 DEFAULT CHARSET=utf8mb4 COLLATE=utf8mb4_0900_ai_ci;
/*!40101 SET character_set_client = @saved_cs_client */;

--
-- Dumping data for table `property`
--

LOCK TABLES `property` WRITE;
/*!40000 ALTER TABLE `property` DISABLE KEYS */;
INSERT INTO `property` VALUES (1,'property_label','Property title 1','/images/Image2.png','sds','dsds','dsds','3 t0 5 bedromm apartment','vvdsdsds','vcv','vcv','hghg','hgh','hgh','hg','h','hghg','hghg','https://www.google.com/images/branding/googlelogo/1x/googlelogo_color_272x92dp.png','hghg','https://www.google.com/images/branding/googlelogo/1x/googlelogo_color_272x92dp.png','ghg','https://www.google.com/images/branding/googlelogo/1x/googlelogo_color_272x92dp.png','hgh','trtr','https://www.google.com/images/branding/googlelogo/1x/googlelogo_color_272x92dp.png',1,NULL,NULL),(2,'property_laddddbel','Property title 2','/images/Image2.png','sddsdsdsdsds','dsccxcxcds','dscxcxcxcxds','3 t0 5 bedromm apartment','vvdsdsds','vcv','vcv','hgcxxcxchg','hgh','hgcxcxh','hgcxcx','hcxcxxcxc','hghcxcxcxg','hghcxcxg','https://www.google.com/images/branding/googlelogo/1x/googlelogo_color_272x92dp.png','hghg','https://www.google.com/images/branding/googlelogo/1x/googlelogo_color_272x92dp.png','ghgcxcxc','https://www.google.com/images/branding/googlelogo/1x/googlelogo_color_272x92dp.png','hcxcxgh','trcxcxtr','https://www.google.com/images/branding/googlelogo/1x/googlelogo_color_272x92dp.png',NULL,NULL,NULL),(3,'property_laddddbecxcxcxl','Property title 3','/images/Image2.png','sddsdsdsdsds','dscccxcxxcxcds','dscxcxcxcxds','3 t0 5 bedromm apartment','vvdsdsccxcxcxxcxcxds','vcv','vcv','hgcxxcxcxcxchg','hgcxcxh','hgcxcxccxcxh','hgcxcxcxcxcx','hcxcxcxcxxxcxc','cxcx','hghcxcxg','https://www.google.com/images/branding/googlelogo/1x/googlelogo_color_272x92dp.png','hghg','https://www.google.com/images/branding/googlelogo/1x/googlelogo_color_272x92dp.png','cxcx','https://www.google.com/images/branding/googlelogo/1x/googlelogo_color_272x92dp.png','hcxccxcxcxcxgh','txcxcxcxcxcxcxrcxcxtr','https://www.google.com/images/branding/googlelogo/1x/googlelogo_color_272x92dp.png',NULL,NULL,NULL),(4,NULL,NULL,NULL,NULL,NULL,NULL,NULL,NULL,NULL,NULL,NULL,NULL,NULL,NULL,NULL,NULL,NULL,NULL,NULL,NULL,NULL,NULL,NULL,NULL,NULL,5,'2023-01-24 17:47:57','2023-01-24 17:47:57'),(5,NULL,NULL,NULL,NULL,NULL,NULL,NULL,NULL,NULL,NULL,NULL,NULL,NULL,NULL,NULL,NULL,NULL,NULL,NULL,NULL,NULL,NULL,NULL,NULL,NULL,6,'2023-01-24 17:48:34','2023-01-24 17:48:34'),(6,NULL,NULL,NULL,NULL,NULL,NULL,NULL,NULL,NULL,NULL,NULL,NULL,NULL,NULL,NULL,NULL,NULL,NULL,NULL,NULL,NULL,NULL,NULL,NULL,NULL,7,'2023-01-24 17:51:38','2023-01-24 17:51:38'),(7,NULL,NULL,NULL,NULL,NULL,NULL,NULL,NULL,NULL,NULL,NULL,NULL,NULL,NULL,NULL,NULL,NULL,NULL,NULL,NULL,NULL,NULL,NULL,NULL,NULL,8,'2023-01-24 17:52:51','2023-01-24 17:52:51'),(8,NULL,NULL,NULL,NULL,NULL,NULL,NULL,NULL,NULL,NULL,NULL,NULL,NULL,NULL,NULL,NULL,NULL,NULL,NULL,NULL,NULL,NULL,NULL,NULL,NULL,9,'2023-01-24 17:53:41','2023-01-24 17:53:41'),(9,'property_label','Property title 1','/images/Image2.png','sds','dsds','dsds','3 t0 5 bedromm apartment','vvdsdsds','vcv','vcv','hghg','hgh','hgh','hg','h','hghg','hghg','https://www.google.com/images/branding/googlelogo/1x/googlelogo_color_272x92dp.png','hghg','https://www.google.com/images/branding/googlelogo/1x/googlelogo_color_272x92dp.png','ghg','https://www.google.com/images/branding/googlelogo/1x/googlelogo_color_272x92dp.png','hgh','trtr','https://www.google.com/images/branding/googlelogo/1x/googlelogo_color_272x92dp.png',10,'2023-01-24 17:54:44','2023-01-26 19:38:09'),(10,'property_label','Property title 1','/images/Image2.png','sds','dsds','dsds','3 t0 5 bedromm apartment','vvdsdsds','vcv','vcv','hghg','hgh','hgh','hg','h','hghg','hghg','https://www.google.com/images/branding/googlelogo/1x/googlelogo_color_272x92dp.png','hghg','https://www.google.com/images/branding/googlelogo/1x/googlelogo_color_272x92dp.png','ghg','https://www.google.com/images/branding/googlelogo/1x/googlelogo_color_272x92dp.png','hgh','trtr','https://www.google.com/images/branding/googlelogo/1x/googlelogo_color_272x92dp.png',11,'2023-01-24 17:56:17','2023-01-24 17:56:17'),(11,'property_label','Property title 1','/images/Image2.png','sds','dsds','dsds','3 t0 5 bedromm apartment','vvdsdsds','vcv','vcv','hghg','hgh','hgh','hg','h','hghg','hghg','https://www.google.com/images/branding/googlelogo/1x/googlelogo_color_272x92dp.png','hghg','https://www.google.com/images/branding/googlelogo/1x/googlelogo_color_272x92dp.png','ghg','https://www.google.com/images/branding/googlelogo/1x/googlelogo_color_272x92dp.png','hgh','trtr','https://www.google.com/images/branding/googlelogo/1x/googlelogo_color_272x92dp.png',12,'2023-01-24 17:57:20','2023-01-24 17:57:20'),(12,'property_label','Property title 1','/images/Image2.png','sds','dsds','dsds','3 t0 5 bedromm apartment','vvdsdsds','vcv','vcv','hghg','hgh','hgh','hg','h','hghg','hghg','https://www.google.com/images/branding/googlelogo/1x/googlelogo_color_272x92dp.png','hghg','https://www.google.com/images/branding/googlelogo/1x/googlelogo_color_272x92dp.png','ghg','https://www.google.com/images/branding/googlelogo/1x/googlelogo_color_272x92dp.png','hgh','trtr','https://www.google.com/images/branding/googlelogo/1x/googlelogo_color_272x92dp.png',13,'2023-01-24 17:58:34','2023-01-24 17:58:34'),(13,'property_label','Property title 1','/images/Image2.png','sds','dsds','dsds','3 t0 5 bedromm apartment','vvdsdsds','vcv','vcv','hghg','hgh','hgh','hg','h','hghg','hghg','https://www.google.com/images/branding/googlelogo/1x/googlelogo_color_272x92dp.png','hghg','https://www.google.com/images/branding/googlelogo/1x/googlelogo_color_272x92dp.png','ghg','https://www.google.com/images/branding/googlelogo/1x/googlelogo_color_272x92dp.png','hgh','trtr','https://www.google.com/images/branding/googlelogo/1x/googlelogo_color_272x92dp.png',15,'2023-01-24 18:01:58','2023-01-24 18:01:58'),(14,'property_label','Property title 1','/images/Image2.png','sds','dsds','dsds','3 t0 5 bedromm apartment','vvdsdsds','vcv','vcv','hghg','hgh','hgh','hg','h','hghg','hghg','https://www.google.com/images/branding/googlelogo/1x/googlelogo_color_272x92dp.png','hghg','https://www.google.com/images/branding/googlelogo/1x/googlelogo_color_272x92dp.png','ghg','https://www.google.com/images/branding/googlelogo/1x/googlelogo_color_272x92dp.png','hgh','trtr','https://www.google.com/images/branding/googlelogo/1x/googlelogo_color_272x92dp.png',16,'2023-01-24 18:02:32','2023-01-24 18:02:32'),(15,'property_label','Property title 1','/images/Image2.png','sds','dsds','dsds','3 t0 5 bedromm apartment','vvdsdsds','vcv','vcv','hghg','hgh','hgh','hg','h','hghg','hghg','https://www.google.com/images/branding/googlelogo/1x/googlelogo_color_272x92dp.png','hghg','https://www.google.com/images/branding/googlelogo/1x/googlelogo_color_272x92dp.png','ghg','https://www.google.com/images/branding/googlelogo/1x/googlelogo_color_272x92dp.png','hgh','trtr','https://www.google.com/images/branding/googlelogo/1x/googlelogo_color_272x92dp.png',17,'2023-01-24 18:03:27','2023-01-24 18:03:27'),(16,'property_label','Property title 1','/images/Image2.png','sds','dsds','dsds','3 t0 5 bedromm apartment','vvdsdsds','vcv','vcv','hghg','hgh','hgh','hg','h','hghg','hghg','https://www.google.com/images/branding/googlelogo/1x/googlelogo_color_272x92dp.png','hghg','https://www.google.com/images/branding/googlelogo/1x/googlelogo_color_272x92dp.png','ghg','https://www.google.com/images/branding/googlelogo/1x/googlelogo_color_272x92dp.png','hgh','trtr','https://www.google.com/images/branding/googlelogo/1x/googlelogo_color_272x92dp.png',18,'2023-01-24 18:04:47','2023-01-24 18:04:47'),(17,'property_label','Property title 1','/images/Image2.png','sds','dsds','dsds','3 t0 5 bedromm apartment','vvdsdsds','vcv','vcv','hghg','hgh','hgh','hg','h','hghg','hghg','https://www.google.com/images/branding/googlelogo/1x/googlelogo_color_272x92dp.png','hghg','https://www.google.com/images/branding/googlelogo/1x/googlelogo_color_272x92dp.png','ghg','https://www.google.com/images/branding/googlelogo/1x/googlelogo_color_272x92dp.png','hgh','trtr','https://www.google.com/images/branding/googlelogo/1x/googlelogo_color_272x92dp.png',19,'2023-01-24 18:08:25','2023-01-24 18:08:25'),(18,'property_label','Property title 1','/images/Image2.png','sds','dsds','dsds','3 t0 5 bedromm apartment','vvdsdsds','vcv','vcv','hghg','hgh','hgh','hg','h','hghg','hghg','https://www.google.com/images/branding/googlelogo/1x/googlelogo_color_272x92dp.png','hghg','https://www.google.com/images/branding/googlelogo/1x/googlelogo_color_272x92dp.png','ghg','https://www.google.com/images/branding/googlelogo/1x/googlelogo_color_272x92dp.png','hgh','trtr','https://www.google.com/images/branding/googlelogo/1x/googlelogo_color_272x92dp.png',20,'2023-01-24 18:09:12','2023-01-24 18:09:12'),(19,'property_label','Property title 1','/images/Image2.png','sds','dsds','dsds','3 t0 5 bedromm apartment','vvdsdsds','vcv','vcv','hghg','hgh','hgh','hg','h','hghg','hghg','https://www.google.com/images/branding/googlelogo/1x/googlelogo_color_272x92dp.png','hghg','https://www.google.com/images/branding/googlelogo/1x/googlelogo_color_272x92dp.png','ghg','https://www.google.com/images/branding/googlelogo/1x/googlelogo_color_272x92dp.png','hgh','trtr','https://www.google.com/images/branding/googlelogo/1x/googlelogo_color_272x92dp.png',21,'2023-01-24 18:10:36','2023-01-24 18:10:36'),(20,'property_label','Property title 1','/images/Image2.png','sds','dsds','dsds','3 t0 5 bedromm apartment','vvdsdsds','vcv','vcv','hghg','hgh','hgh','hg','h','hghg','hghg','https://www.google.com/images/branding/googlelogo/1x/googlelogo_color_272x92dp.png','hghg','https://www.google.com/images/branding/googlelogo/1x/googlelogo_color_272x92dp.png','ghg','https://www.google.com/images/branding/googlelogo/1x/googlelogo_color_272x92dp.png','hgh','trtr','https://www.google.com/images/branding/googlelogo/1x/googlelogo_color_272x92dp.png',22,'2023-01-24 18:11:14','2023-01-24 18:11:14'),(21,'property_label','Property title 1','/images/Image2.png','sds','dsds','dsds','3 t0 5 bedromm apartment','vvdsdsds','vcv','vcv','hghg','hgh','hgh','hg','h','hghg','hghg','https://www.google.com/images/branding/googlelogo/1x/googlelogo_color_272x92dp.png','hghg','https://www.google.com/images/branding/googlelogo/1x/googlelogo_color_272x92dp.png','ghg','https://www.google.com/images/branding/googlelogo/1x/googlelogo_color_272x92dp.png','hgh','trtr','https://www.google.com/images/branding/googlelogo/1x/googlelogo_color_272x92dp.png',23,'2023-01-24 18:15:24','2023-01-24 18:15:24'),(22,'property_label','Property title 1','/images/Image2.png','sds','dsds','dsds','3 t0 5 bedromm apartment','vvdsdsds','vcv','vcv','hghg','hgh','hgh','hg','h','hghg','hghg','https://www.google.com/images/branding/googlelogo/1x/googlelogo_color_272x92dp.png','hghg','https://www.google.com/images/branding/googlelogo/1x/googlelogo_color_272x92dp.png','ghg','https://www.google.com/images/branding/googlelogo/1x/googlelogo_color_272x92dp.png','hgh','trtr','https://www.google.com/images/branding/googlelogo/1x/googlelogo_color_272x92dp.png',24,'2023-01-24 18:16:29','2023-01-24 18:16:29'),(23,'property_label','Property title 1','/images/Image2.png','sds','dsds','dsds','3 t0 5 bedromm apartment','vvdsdsds','vcv','vcv','hghg','hgh','hgh','hg','h','hghg','hghg','https://www.google.com/images/branding/googlelogo/1x/googlelogo_color_272x92dp.png','hghg','https://www.google.com/images/branding/googlelogo/1x/googlelogo_color_272x92dp.png','ghg','https://www.google.com/images/branding/googlelogo/1x/googlelogo_color_272x92dp.png','hgh','trtr','https://www.google.com/images/branding/googlelogo/1x/googlelogo_color_272x92dp.png',25,'2023-01-25 15:43:05','2023-01-25 15:43:05'),(24,'property_label','Property title 1','/images/Image2.png','sds','dsds','dsds','3 t0 5 bedromm apartment','vvdsdsds','vcv','vcv','hghg','hgh','hgh','hg','h','hghg','hghg','https://www.google.com/images/branding/googlelogo/1x/googlelogo_color_272x92dp.png','hghg','https://www.google.com/images/branding/googlelogo/1x/googlelogo_color_272x92dp.png','ghg','https://www.google.com/images/branding/googlelogo/1x/googlelogo_color_272x92dp.png','hgh','trtr','https://www.google.com/images/branding/googlelogo/1x/googlelogo_color_272x92dp.png',26,'2023-01-25 15:48:42','2023-01-25 15:48:42'),(25,'property_label','Property title 1','/images/Image2.png','sds','dsds','dsds','3 t0 5 bedromm apartment','vvdsdsds','vcv','vcv','hghg','hgh','hgh','hg','h','hghg','hghg','https://www.google.com/images/branding/googlelogo/1x/googlelogo_color_272x92dp.png','hghg','https://www.google.com/images/branding/googlelogo/1x/googlelogo_color_272x92dp.png','ghg','https://www.google.com/images/branding/googlelogo/1x/googlelogo_color_272x92dp.png','hgh','trtr','https://www.google.com/images/branding/googlelogo/1x/googlelogo_color_272x92dp.png',27,'2023-01-26 19:39:50','2023-01-26 19:39:50');
/*!40000 ALTER TABLE `property` ENABLE KEYS */;
UNLOCK TABLES;

--
-- Table structure for table `seo`
--

DROP TABLE IF EXISTS `seo`;
/*!40101 SET @saved_cs_client     = @@character_set_client */;
/*!50503 SET character_set_client = utf8mb4 */;
CREATE TABLE `seo` (
  `seo_id` int NOT NULL AUTO_INCREMENT,
  `url` varchar(255) DEFAULT NULL,
  `meta` text,
  `project_id` int DEFAULT NULL,
  `createdAt` datetime DEFAULT NULL,
  `updatedAt` datetime DEFAULT NULL,
  PRIMARY KEY (`seo_id`)
) ENGINE=InnoDB AUTO_INCREMENT=13 DEFAULT CHARSET=utf8mb4 COLLATE=utf8mb4_0900_ai_ci;
/*!40101 SET character_set_client = @saved_cs_client */;

--
-- Dumping data for table `seo`
--

LOCK TABLES `seo` WRITE;
/*!40000 ALTER TABLE `seo` DISABLE KEYS */;
INSERT INTO `seo` VALUES (1,'https://www.google.com/','meta 1',1,NULL,NULL),(2,'https://www.facebook.com/','meta 2',2,NULL,NULL),(3,'https://www.google.com/','meta 3',3,NULL,NULL),(4,NULL,NULL,7,'2023-01-24 17:51:38','2023-01-24 17:51:38'),(5,NULL,NULL,8,'2023-01-24 17:52:51','2023-01-24 17:52:51'),(6,NULL,NULL,9,'2023-01-24 17:53:41','2023-01-24 17:53:41'),(7,'https://www.google.com/','meta 1',22,'2023-01-24 18:11:14','2023-01-24 18:11:14'),(8,'https://www.google.com/','meta 1',23,'2023-01-24 18:15:24','2023-01-24 18:15:24'),(9,'https://www.google.com/','meta 1',24,'2023-01-24 18:16:29','2023-01-24 18:16:29'),(10,'https://www.google.com/','meta 1',25,'2023-01-25 15:43:04','2023-01-25 15:43:04'),(11,'https://www.google.com/','meta 1',26,'2023-01-25 15:48:42','2023-01-25 15:48:42'),(12,'https://www.google.com/','meta 1',27,'2023-01-26 19:39:50','2023-01-26 19:39:50');
/*!40000 ALTER TABLE `seo` ENABLE KEYS */;
UNLOCK TABLES;

--
-- Table structure for table `tower`
--

DROP TABLE IF EXISTS `tower`;
/*!40101 SET @saved_cs_client     = @@character_set_client */;
/*!50503 SET character_set_client = utf8mb4 */;
CREATE TABLE `tower` (
  `tower_id` int NOT NULL AUTO_INCREMENT,
  `name` varchar(255) DEFAULT NULL,
  `project_id` int DEFAULT NULL,
  `createdAt` datetime DEFAULT NULL,
  `updatedAt` datetime DEFAULT NULL,
  PRIMARY KEY (`tower_id`)
) ENGINE=InnoDB AUTO_INCREMENT=4 DEFAULT CHARSET=utf8mb4 COLLATE=utf8mb4_0900_ai_ci;
/*!40101 SET character_set_client = @saved_cs_client */;

--
-- Dumping data for table `tower`
--

LOCK TABLES `tower` WRITE;
/*!40000 ALTER TABLE `tower` DISABLE KEYS */;
INSERT INTO `tower` VALUES (1,'Tower 1',1,NULL,NULL),(2,'Tower 2',1,NULL,NULL),(3,'Tower 3',3,NULL,NULL);
/*!40000 ALTER TABLE `tower` ENABLE KEYS */;
UNLOCK TABLES;

--
-- Table structure for table `unit`
--

DROP TABLE IF EXISTS `unit`;
/*!40101 SET @saved_cs_client     = @@character_set_client */;
/*!50503 SET character_set_client = utf8mb4 */;
CREATE TABLE `unit` (
  `unit_id` int NOT NULL AUTO_INCREMENT,
  `type` varchar(255) DEFAULT NULL,
  `number_of_units` int DEFAULT NULL,
  `zone_id` int DEFAULT NULL,
  `createdAt` datetime DEFAULT NULL,
  `updatedAt` datetime DEFAULT NULL,
  PRIMARY KEY (`unit_id`)
) ENGINE=InnoDB AUTO_INCREMENT=4 DEFAULT CHARSET=utf8mb4 COLLATE=utf8mb4_0900_ai_ci;
/*!40101 SET character_set_client = @saved_cs_client */;

--
-- Dumping data for table `unit`
--

LOCK TABLES `unit` WRITE;
/*!40000 ALTER TABLE `unit` DISABLE KEYS */;
INSERT INTO `unit` VALUES (1,'type 1',2,1,NULL,NULL),(2,'type 2',5,2,NULL,NULL),(3,'type 3',4,3,NULL,NULL);
/*!40000 ALTER TABLE `unit` ENABLE KEYS */;
UNLOCK TABLES;

--
-- Table structure for table `zone`
--

DROP TABLE IF EXISTS `zone`;
/*!40101 SET @saved_cs_client     = @@character_set_client */;
/*!50503 SET character_set_client = utf8mb4 */;
CREATE TABLE `zone` (
  `zone_id` int NOT NULL AUTO_INCREMENT,
  `project_id` int DEFAULT NULL,
  `name` varchar(255) DEFAULT NULL,
  `createdAt` datetime DEFAULT NULL,
  `updatedAt` datetime DEFAULT NULL,
  PRIMARY KEY (`zone_id`)
) ENGINE=InnoDB AUTO_INCREMENT=7 DEFAULT CHARSET=utf8mb4 COLLATE=utf8mb4_0900_ai_ci;
/*!40101 SET character_set_client = @saved_cs_client */;

--
-- Dumping data for table `zone`
--

LOCK TABLES `zone` WRITE;
/*!40000 ALTER TABLE `zone` DISABLE KEYS */;
INSERT INTO `zone` VALUES (1,1,'Zone 1',NULL,NULL),(2,2,'Zone 2',NULL,NULL),(3,3,'Zone 3',NULL,NULL),(4,3,'test zone api',NULL,NULL),(6,5,'test zone api 3','2023-01-20 13:51:09','2023-01-20 13:51:09');
/*!40000 ALTER TABLE `zone` ENABLE KEYS */;
UNLOCK TABLES;
/*!40103 SET TIME_ZONE=@OLD_TIME_ZONE */;

/*!40101 SET SQL_MODE=@OLD_SQL_MODE */;
/*!40014 SET FOREIGN_KEY_CHECKS=@OLD_FOREIGN_KEY_CHECKS */;
/*!40014 SET UNIQUE_CHECKS=@OLD_UNIQUE_CHECKS */;
/*!40101 SET CHARACTER_SET_CLIENT=@OLD_CHARACTER_SET_CLIENT */;
/*!40101 SET CHARACTER_SET_RESULTS=@OLD_CHARACTER_SET_RESULTS */;
/*!40101 SET COLLATION_CONNECTION=@OLD_COLLATION_CONNECTION */;
/*!40111 SET SQL_NOTES=@OLD_SQL_NOTES */;

-- Dump completed on 2023-01-28 14:56:46
